image_id,file,height,width,dentition,dentition_p25,vstd,metal_abs_frac,metal_abs_blobs,appliance_frac,appliance_peak,entropy,contrast_std,mean_intensity,clipped_high,flag_metal
214,214.jpg,1024,1852,159.28,144.48,0.2197096674577053,0.0,0,0.017144829275352637,52.0,7.281036084408695,55.34692708400907,88.88227076073635,0.0,False
456,456.jpg,1024,2041,151.40000000000003,117.88999999999999,0.19662372027640396,0.0,0,0.01798074242283433,49.0,6.874330239749442,39.673158278928035,82.71997742492461,0.0,False
64,64.jpg,1024,2041,150.76000000000002,107.97000000000001,0.20707887768674577,0.0,0,0.007071078480889906,44.0,7.027864130768643,43.47124926583742,85.65885976909212,0.0,False
436,436.jpg,1024,2041,149.04000000000002,83.22999999999999,0.19367083351727774,0.0,0,0.019192927305272597,49.0,7.090972264607954,43.221489386950424,82.41449911393461,0.0,False
227,227.jpg,1024,2041,144.28000000000003,102.19999999999999,0.24912435526210935,0.0,0,0.008485294177067886,44.0,7.1376732443686866,46.911962787699004,81.92399556082503,0.0,False
356,356.jpg,1024,2041,142.12,94.65,0.20904199458303488,0.0,0,0.0036365546473148087,42.0,7.09006133584307,42.52869913720423,85.37781904042025,0.0,False
150,150.jpg,1024,2041,140.99999999999997,88.42,0.23554486120854917,0.0,0,0.0066670168534104825,49.0,7.1787486829803075,43.87911891232509,89.3120068812268,0.0,False
391,391.jpg,1024,2041,140.96000000000004,103.11999999999998,0.20528402216020275,0.0,0,0.00767717092210904,50.0,7.041280965173502,42.49025390536124,82.37394613834755,0.0,False
342,342.jpg,1024,2041,139.88,105.90000000000002,0.24480947202056053,0.0,0,0.007475140108369328,44.0,7.101420065611003,42.209946368053494,87.49749727607573,0.0,False
48,48.jpg,1024,2041,139.88,105.29,0.21378122187476567,0.0,0,0.01697058835413577,51.0,7.072761699210454,42.24965454637689,85.73899117473816,0.0,False
469,469.jpg,1024,2041,139.74,96.4,0.22114565319264065,0.0,0,0.0036365546473148087,47.0,7.031398901773169,45.12479572111587,82.19919723234126,0.0,False
569,569.jpg,1024,1852,139.44,119.15999999999998,0.19354256140276624,0.0,0,0.0057891631319372545,50.0,7.372718185385413,53.40626262122482,89.4508277537733,0.0,False
61,61.jpg,1024,2041,139.12000000000003,94.12,0.19245324868570957,0.0,0,0.008485294177067886,46.0,7.032760245672112,41.58835890494743,83.14089008491565,0.0,False
377,377.jpg,1024,2041,138.44,97.91999999999997,0.23849626696726295,0.0,0,0.006262955225931059,46.0,7.126266740123052,42.231501571630865,86.97493420869684,0.0,False
229,229.jpg,1024,2043,136.82,113.39,0.2033176829109642,0.0,0,0.0,38.0,7.162162432207868,42.452259460160995,84.54993756462913,0.0,False
451,451.jpg,1024,2041,136.68,90.41000000000003,0.21597521296523037,0.0,0,0.006262955225931059,42.0,7.093513576490096,42.433994693326,87.9151241629147,0.0,False
560,560.jpg,1024,2041,134.64000000000004,91.43999999999997,0.21788641770526435,0.0,0,0.012121848824382695,45.0,7.2262953614826335,44.993067144605824,84.6466722619821,0.0,False
365,365.jpg,1024,2041,133.14,87.26000000000002,0.22521691321121484,0.0,0,0.011919818010642983,46.0,7.12713327428472,43.67271347370516,83.61956889948404,0.0,False
262,262.jpg,1024,2041,132.77999999999997,88.73000000000002,0.22083054483908487,0.0,0,0.008283263363328174,45.0,6.981303281311641,45.425356453934825,81.31308381091542,0.0,False
158,158.jpg,1024,2041,132.68,98.66,0.22200119822138886,0.0,0,0.009293417432026732,39.0,6.91459620387284,43.426732996832676,83.06262371419399,0.0,False
497,497.jpg,1024,2041,132.64,89.00000000000001,0.20573541817278912,0.0,0,0.004242647088533943,42.0,6.8755386995443715,44.33534181763208,83.7226046530441,0.0,False
322,322.jpg,1024,2041,132.12,96.96000000000002,0.2043790094746077,0.0,0,0.004848739529753078,49.0,7.0148357956583824,41.506626237454505,86.98842490185025,0.0,False
472,472.jpg,1024,2041,131.14,80.4,0.21221134185772528,0.0,0,0.002222338951136827,44.0,7.092183966174493,41.30759422549316,84.77165045794791,0.0,False
266,266.jpg,1024,2041,130.08,91.79999999999998,0.17328965795852,0.0,0,0.015960434285437215,44.0,7.078889851059346,42.95927529904224,84.67237511028418,0.0,False
406,406.jpg,1024,2041,129.98000000000002,95.77999999999999,0.20840478240984026,0.0,0,0.0008081232549588464,45.0,7.0572906502684685,43.024101412599414,82.68264323038458,0.0,False
395,395.jpg,1024,1852,129.80000000000004,103.00000000000001,0.23224372274217436,0.0,0,0.011355666143415384,50.0,7.020298448661854,46.25103221859888,83.25879960896046,0.0,False
138,138.jpg,1024,2041,129.76,76.89000000000001,0.182109653008425,0.0,0,0.012525910451862118,44.02700000006007,6.988356563146336,44.16793593504047,81.49491365602461,0.0,False
332,332.jpg,1024,2041,129.62,87.35999999999999,0.2130440944768734,0.0,0,0.0004040616274794232,43.0,6.986414674314956,40.58205029457047,83.80093991187378,0.0,False
346,346.jpg,1024,2041,129.32000000000002,92.94,0.2386883779166295,0.0,0,0.01272794126560183,47.0,7.130811165820043,47.12553187649582,85.16386142493471,0.0,False
99,99.jpg,1024,2043,129.12,91.21,0.2093191476711378,0.0,0,0.00020172189812237256,37.0,6.966404652334689,41.380434393587755,80.76606053642652,0.0,False
26,26.jpg,1024,2041,129.0,85.61,0.21739173340289852,0.0,0,0.0030304622060956738,42.0,7.346313662092793,48.35285726667317,141.99945331914282,0.0,False
301,301.jpg,1024,2041,128.32000000000002,83.57,0.21276803192485688,0.0,0,0.017374649981615198,43.0,7.025646799547468,43.611161355640625,85.58895603548306,0.0,False
557,557.jpg,1024,2043,126.9,83.75,0.20681766730231915,0.0,0,0.0,36.0,7.0943192512360875,46.584627911667425,80.23596151102436,0.0,False
176,176.jpg,1024,2041,126.75999999999999,89.45000000000002,0.2137201579122403,0.0,0,0.004040616274794232,40.0,6.975612404263188,42.374238539595375,83.4076216791508,0.0,False
164,164.jpg,1024,2041,126.5,103.84,0.19924991103674555,0.0,0,0.01030357150072529,46.0,7.095291262191736,40.620473365859276,146.83828990643858,0.0,False
333,333.jpg,1024,1850,126.19999999999999,91.63,0.2233007579471434,0.0,0,0.018942095129430223,48.0,7.304388919164332,49.100258399744675,84.0060490786938,0.0,False
517,517.jpg,1024,2041,126.18,100.26,0.21634877329916954,0.0,0,0.004040616274794232,43.0,7.119137836110342,42.08474851354054,85.14443877048,0.0,False
337,337.jpg,1024,2041,126.00000000000006,85.46,0.23496461781345568,0.0,0,0.0008081232549588464,41.0,7.051261327917986,41.365756374978126,86.13302862458889,0.0,False
102,102.jpg,1024,2041,125.87999999999998,73.24,0.20244175383220908,0.0,0,0.002020308137397116,38.0,7.078161944281065,47.28383558053564,82.80086091174991,0.0,False
255,255.jpg,1024,1850,125.84,72.6,0.2044340426340745,0.0,0,0.011810953433644727,41.0,7.203234913819988,45.17521171544862,85.6031215923384,0.0,False
490,490.jpg,1024,1852,124.60000000000002,110.36000000000001,0.2163600621864145,0.0,0,0.0031172416864277525,46.0,7.160497170877026,42.45326470079176,86.93470782476244,0.0,False
482,482.jpg,1024,2041,124.25999999999999,89.87,0.2170993591053047,0.0,0,0.0018182773236574044,39.0,7.040918626086457,45.45257532604069,83.25211593931779,0.0,False
529,529.jpg,1024,2041,123.40000000000002,86.89,0.2067038632595535,0.0,0,0.0002020308137397116,39.0,7.1716026784594025,46.29674145308103,85.48794331709512,0.0,False
585,585.jpg,1024,2041,123.29999999999998,92.6,0.22198352668410598,0.0,0,0.0,39.0,7.094110524502974,44.17886611251221,89.00082918530016,0.0,False
479,479.jpg,1024,2041,123.16000000000003,90.46,0.2358385645658751,0.0,0,0.006262955225931059,44.0,7.104050823954044,44.247484552113896,83.67268289476678,0.0,False
452,452.jpg,1024,2041,122.80000000000003,85.96000000000001,0.17190426462270475,0.0,0,0.00767717092210904,49.0,7.138734671601872,42.4818443398214,84.95042331426376,0.0,False
280,280.jpg,1024,2041,122.74,77.48000000000002,0.20897099235012978,0.0,0,0.0002020308137397116,37.0,7.147762344681064,43.53932093604624,82.32082708705687,0.0,False
530,530.jpg,1024,2041,122.36,86.16999999999999,0.23429275103972771,0.0,0,0.009293417432026732,43.0,7.074848351751612,44.45762868208845,84.79218796215072,0.0,False
331,331.jpg,1024,1850,122.26,94.98,0.20152843376492818,0.0,0,0.009582471653711759,51.0,7.2196223950729745,44.8301774677683,89.00481709136646,0.0,False
67,67.jpg,1024,2041,122.03999999999999,78.02,0.21655657716540974,0.0,0,0.0,36.0,7.191845535267985,45.375486770811364,82.37081583743924,0.0,False
246,246.jpg,1024,2038,121.67999999999998,88.68,0.17324058208463303,0.0,0,0.0183988920227661,49.0,7.0459172062725495,47.45809299491389,76.441584849139,0.0,False
525,525.jpg,1024,2041,121.51999999999997,87.07000000000001,0.1991716726687246,0.0,0,0.013940126148040098,50.0,6.940272331716117,40.98773351867261,82.7407184334465,0.0,False
137,137.jpg,1024,2041,121.43999999999997,84.04000000000002,0.1952537178279738,0.0,0,0.005454831970972213,45.0,7.111482503492982,45.61045337114144,82.75406945438091,0.0,False
25,25.jpg,1024,2041,120.64000000000001,80.88000000000002,0.19822846506151906,0.0,0,0.004848739529753078,40.0,7.0439441607563875,44.328564302649404,82.49556967305325,0.0,False
454,454.jpg,1024,2043,120.46000000000001,83.95000000000002,0.22114439178617704,0.0,0,0.0,41.0,7.109446692468001,42.81820997081818,82.38662835108754,0.0,False
461,461.jpg,1024,2041,119.53999999999999,75.96999999999998,0.22901898234346724,0.0,0,0.011313725569423849,47.0,7.129125863260411,45.58769440831923,86.17686737332804,0.0,False
152,152.jpg,1024,2041,119.52000000000001,94.82000000000001,0.20441375210630647,0.0,0,0.011717787196903272,42.0,7.012154566364275,42.637583705836434,84.67994079414717,0.0,False
528,528.jpg,1024,2041,119.48000000000002,93.02999999999999,0.20387181487143113,0.0,0,0.0026264005786162505,44.0,7.092238738532897,49.56932914749878,85.97984169639177,0.0,False
200,200.jpg,1024,2041,119.18,78.54,0.20278149653617075,0.0,0,0.008283263363328174,34.0,7.017282670252889,43.952087946727815,79.51665449011423,0.0,False
539,539.jpg,1024,2041,119.11999999999998,86.23000000000002,0.1979360205048655,0.0,0,0.014748249402998946,42.0,7.002484946093411,43.56459885152397,84.24107930601235,0.0,False
527,527.jpg,1024,2043,118.79999999999998,72.86000000000001,0.22636551916680991,0.0,0,0.0004034437962447451,41.0,7.056634662961866,44.18434750923796,82.14608046019099,0.0,False
80,80.jpg,1024,2041,118.53999999999999,94.81000000000002,0.23032918792174525,0.0,0,0.0,39.0,7.093704064211906,43.555603767428344,83.45184026048553,0.0,False
387,387.jpg,1024,2041,118.28000000000003,99.05000000000003,0.20532730091765988,0.0,0,0.0060609244121913475,44.0,7.150758109311908,43.616937949089184,84.68621593198658,0.0,False
250,250.jpg,1024,1850,118.02000000000001,88.18999999999998,0.2203853825990747,0.0,0,0.0,28.0,6.163356863310069,40.32395271927571,108.39755122473625,0.0,False
251,251.jpg,1024,2041,117.18,78.12,0.2148296955638705,0.0,0,0.004646708716013366,45.0,6.9224491119400575,42.97833051754787,85.00769903607208,0.0,False
375,375.jpg,1024,2041,116.44,99.91999999999997,0.17658177294365462,0.0,0,0.012525910451862118,47.0,7.1086216273558565,40.71110789529527,84.15726839059684,0.0,False
503,503.jpg,1024,2043,116.03999999999999,80.58000000000001,0.22262286800531808,0.0,0,0.014523976664810825,42.0,7.0858495479831305,42.628246912363316,85.25105268939255,0.0,False
496,496.jpg,1024,2041,116.02,78.12,0.23811753980244058,0.0,0,0.0006060924412191347,41.0,6.990998598302546,45.14817609007132,84.41313209579113,0.0,False
95,95.jpg,1024,2038,116.0,100.44,0.16808381076292508,0.0,0,0.008087425064952133,44.0,7.308582183569654,54.484126849222086,143.75514818948452,0.0,False
392,392.jpg,1024,2038,115.80000000000001,92.84000000000002,0.25278451840783234,0.0,0,0.00040437125324760664,40.0,7.07939712315383,44.10531037456823,85.76614251538173,0.0,False
90,90.jpg,1024,2041,115.56000000000003,82.27000000000001,0.20475423197853837,0.0,0,0.016364495912916638,40.0,7.08310690987319,42.055974812691815,82.4425251978795,0.0,False
373,373.jpg,1024,2041,115.18,89.71999999999998,0.23896173245206306,0.0,0,0.008081232549588464,40.0,7.16928604956124,43.208251146571186,87.0087070776527,0.0,False
371,371.jpg,1024,2041,115.14000000000001,97.12,0.2042591063592309,0.0,0,0.016566526726656348,43.0,7.104640609367047,41.464591526532324,87.62208742343309,0.0,False
532,532.jpg,1024,2041,114.78000000000002,86.61000000000001,0.20436710340269232,0.0,0,0.0,41.0,7.055858212836887,49.67323981668388,84.22870219860505,0.0,False
282,282.jpg,1024,2041,114.69999999999999,86.10000000000001,0.22318798716119154,0.0,0,0.0034345238335750966,43.0,7.046258495366753,48.18301037618368,85.01683145039172,0.0,False
437,437.jpg,1024,2041,114.46000000000001,82.61000000000001,0.2312454575460718,0.0,0,0.0030304622060956738,41.0,7.09688835531811,46.435895499285934,86.10303575356006,0.0,False
206,206.jpg,1024,2041,114.42,77.65999999999998,0.21295587290893314,0.0,0,0.0016162465099176927,41.0,7.042235193341502,47.442025229574035,86.31099378363825,0.0,False
8,8.jpg,1024,1852,114.27999999999999,98.08,0.225666248298346,0.0,0,0.015808868552597884,45.0,7.190845556904415,48.12742440253245,88.84166940157434,0.0,False
329,329.jpg,1024,2041,113.88,88.89000000000003,0.2045099224648808,0.0,0,0.007475140108369328,41.0,7.18472105002958,45.40731284287805,87.42714166175813,0.0,False
509,509.jpg,1024,2041,113.24000000000001,70.39999999999999,0.17774456404291628,0.0,0,0.008283263363328174,38.0,7.196156905156164,43.1136050542968,85.50303739676264,0.0,False
193,193.jpg,1024,1852,113.12,86.2,0.1814946674365189,0.0,0,0.0015586208432138763,42.0,7.240762677078262,51.90880467750686,88.84300097063092,0.0,False
121,121.jpg,1024,1852,112.64000000000006,92.63999999999999,0.22409633844531127,0.0,0,0.0020039410841321266,43.0,7.236657906560649,51.02692296707659,84.89910037215648,0.0,False
592,592.jpg,1024,2041,111.84,78.22,0.1829792657969977,0.0,0,0.0004040616274794232,41.0,7.202017319663021,45.97131940629622,82.21423632792256,0.0,False
236,236.jpg,1024,2041,111.6,82.27999999999999,0.2125418525764625,0.0,0,0.012121848824382695,42.0,7.161680973937763,46.491205894536684,89.15241525498712,0.0,False
390,390.jpg,1024,2041,111.01999999999998,84.20999999999998,0.238467925024406,0.0,0,0.0006060924412191347,42.0,7.099995087184192,43.38709348348641,86.58196420851988,0.0,False
66,66.jpg,1024,1850,110.93999999999997,81.80000000000001,0.18921428688676217,0.0,0,0.003342722669899451,40.0,7.145491172432788,44.90447603241196,87.78319672474042,0.0,False
191,191.jpg,1024,2041,110.79999999999998,77.19,0.1735658924892769,0.0,0,0.013334033706820965,48.02700000006007,7.177010928457393,44.22564930642391,87.42003038660765,0.0,False
336,336.jpg,1024,2041,110.75999999999998,92.94999999999999,0.19726797224137738,0.0,0,0.0034345238335750966,40.0,6.792381267490032,39.874640398878704,82.0330138357657,0.0,False
591,591.jpg,1024,2041,110.72,85.08000000000003,0.23291714004150643,0.0,0,0.002424369764876539,41.0,7.132238440668807,43.13957353345925,86.57535916616317,0.0,False
7,7.jpg,1024,2041,110.42000000000002,82.53999999999999,0.21648595816173102,0.0,0,0.001010154068698558,42.0,7.1351236158524785,42.18759070870792,85.5752807980403,0.0,False
211,211.jpg,1024,2041,110.08000000000001,65.44,0.24106110007178067,0.0,0,0.012929972079341542,46.02700000006007,7.159161610388087,44.5054094165947,83.78526755129953,0.0,False
595,595.jpg,1024,2041,109.14000000000001,68.09,0.2129271957711074,0.0,0,0.0004040616274794232,40.0,7.161248738201534,43.488162060086054,84.89779406374109,0.0,False
581,581.jpg,1024,2041,109.08,76.29,0.19822472773782662,0.0,0,0.0034345238335750966,42.0,7.235014044241384,46.10563229918902,86.2427635886533,0.0,False
271,271.jpg,1024,2041,108.97999999999999,92.98000000000002,0.22512141079171613,0.0,0,0.0034345238335750966,37.0,7.1334016714739175,42.47305780682966,89.56755142592064,0.0,False
52,52.jpg,1024,2041,108.83999999999999,89.79,0.21278206551577253,0.0,0,0.0002020308137397116,37.0,7.114029638124903,44.514008757967666,84.4875243004381,0.0,False
47,47.jpg,1024,2041,106.96,80.01000000000002,0.23053922280948905,0.0,0,0.0008081232549588464,40.0,7.208028916704649,44.445808582516726,86.2545959112064,0.0,False
277,277.jpg,1024,1850,106.88000000000002,88.03000000000003,0.1821529913035331,0.0,0,0.0004456963559865935,42.0,7.2685101640358365,49.49434843933792,85.61902029467296,0.0,False
19,19.jpg,1024,2041,106.82,88.81000000000003,0.22866006138042017,0.0,0,0.013940126148040098,42.0,7.020841710391983,47.18864326195965,80.26523122388257,0.0,False
476,476.jpg,1024,2041,106.52000000000002,83.85000000000001,0.2281765476202865,0.0,0,0.014748249402998946,42.0,7.041409420687662,39.5829252893118,85.4503506341498,0.0,False
226,226.jpg,1024,2041,106.36000000000001,61.559999999999995,0.1866150276937558,0.0,0,0.018384804050313754,45.0,7.247844269245199,47.134233779679896,82.74150401067828,0.0,False
259,259.jpg,1024,2041,106.24,83.69,0.16005717536732522,0.0,0,0.004646708716013366,40.0,7.012521544305629,41.437233462236875,81.56660468843616,0.0,False
17,17.jpg,1024,1852,105.56,84.75999999999999,0.193836851159378,0.0,0,0.0,44.0,7.265944024469954,56.87677155259847,90.87753536392388,0.0,False
378,378.jpg,1024,2041,105.4,80.33,0.21586663073154483,0.0,0,0.0008081232549588464,46.0,7.073637347606734,43.58744465339793,83.87954503512661,0.0,False
232,232.jpg,1024,2041,104.01999999999998,70.44000000000001,0.1908777712786926,0.0,0,0.0018182773236574044,39.0,7.17895982139933,47.062944407857536,84.66761930282706,0.0,False
6,6.jpg,1024,2041,103.84,87.08999999999999,0.23549715221669756,0.0,0,0.00909138661828702,46.0,7.062569783502617,42.52918780522815,85.59329851429207,0.0,False
460,460.jpg,1024,2041,103.58000000000001,79.52000000000001,0.18889014564610324,0.0,0,0.006262955225931059,48.0,7.046527623589871,39.291727654651936,85.60557260553784,0.0,False
264,264.jpg,1024,2041,103.31999999999998,78.32000000000001,0.2048254770323774,0.0,0,0.0,35.0,7.174163072901942,49.79806681995262,89.34865409068962,0.0,False
575,575.jpg,1024,2041,102.82000000000001,78.53,0.22236161707814622,0.0,0,0.0008081232549588464,42.0,7.172429959417634,48.08406175702435,80.93191579724397,0.0,False
216,216.jpg,1024,2041,102.53999999999999,78.71,0.18765230988110865,0.0,0,0.009495448245766445,41.0,6.968864300518366,41.11634213100448,85.33460786866513,0.0,False
239,239.jpg,1024,2041,102.47999999999999,86.53,0.16533384393870768,0.0,0,0.005656862784711924,42.0,6.831673860452065,35.91477981925754,84.37982121955967,0.0,False
384,384.jpg,1024,2041,102.18,63.1,0.2297144241437024,0.0,0,0.0018182773236574044,36.0,7.219675925026541,53.180105220446514,124.87591734943841,0.0,False
352,352.jpg,1024,2041,101.12,72.67000000000002,0.1690133988298974,0.0,0,0.0,41.0,6.927414685317979,36.98329394772019,83.01241123546082,0.0,False
149,149.jpg,1024,2041,101.06,78.44999999999997,0.20066371553885742,0.0,0,0.001010154068698558,40.0,6.947864461878874,49.89759150354697,83.04105920838084,0.0,False
131,131.jpg,1024,2041,100.88000000000002,79.61000000000001,0.19952003006084992,0.0,0,0.0002020308137397116,37.0,7.104530030690709,41.56870980994527,87.72056455384522,0.0,False
474,474.jpg,1024,2041,100.86000000000001,80.46000000000002,0.20159468595597774,0.0,0,0.0,33.0,7.098843230912722,44.276255666043326,83.01974118295418,0.0,False
543,543.jpg,1024,2041,100.28000000000003,73.0,0.20830085458768943,0.0,0,0.0,34.0,7.188071018089145,43.99941743015621,83.37381594614341,0.0,False
53,53.jpg,1024,2041,100.07999999999998,80.07999999999998,0.19339586765428105,0.0,0,0.00909138661828702,40.0,7.265537672094156,46.37773498764584,84.28151725741905,0.0,False
1,1.jpg,1024,2041,99.78000000000002,77.08,0.19126247119060857,0.0,0,0.0034345238335750966,43.0,7.103864389784739,45.15320364419727,85.29844287595843,0.0,False
359,359.jpg,1024,2041,98.94,75.29,0.17782201381321228,0.0,0,0.01899089649153289,49.0,7.156764185115857,43.11790844636733,84.30446774140542,0.0,False
344,344.jpg,1024,2041,98.58,72.31,0.21758958987968255,0.0,0,0.01697058835413577,47.0,7.122300046600998,47.43517567735533,85.13205155105683,0.0,False
372,372.jpg,1024,2041,98.28,74.48,0.17256013051722624,0.0,0,0.016566526726656348,49.0,7.040176868022861,39.51908240402218,83.32315727471061,0.0,False
481,481.jpg,1024,2041,97.58000000000001,65.6,0.17607194677548155,0.0,0,0.004646708716013366,43.0,7.092350698676546,46.14574664559089,81.03197356213454,0.0,False
126,126.jpg,1024,2043,97.5,60.050000000000004,0.19751880576893904,0.0,0,0.0012103313887342354,35.0,7.166830996145514,46.00673162253679,86.59005465777967,0.0,False
307,307.jpg,1024,2041,97.21999999999998,60.239999999999995,0.18233998351305417,0.0,0,0.0,21.0,7.249741775447104,43.770714001915145,144.61079672572927,0.0,False
115,115.jpg,1024,2041,97.1,77.7,0.21613648253491308,0.0,0,0.004646708716013366,44.0,7.012369899589673,38.285806005506565,86.01098544122517,0.0,False
427,427.jpg,1024,2043,96.94,77.4,0.22610043560946175,0.0,0,0.010287816804241002,35.0,7.330623626283046,49.19098731013064,87.37032508058519,0.0,False
100,100.jpg,1024,2041,96.0,82.12,0.18135859989697817,0.0,0,0.016364495912916638,50.0,7.0152926263327675,39.105540883054424,80.79634210466442,0.0,False
514,514.jpg,1024,2041,95.25999999999999,67.70000000000002,0.17899747566064156,0.0,0,0.001010154068698558,38.0,7.089876450816385,44.384479683960656,85.56928563663988,0.0,False
11,11.jpg,1024,2041,95.19999999999999,71.23999999999998,0.1961042034612024,0.0,0,0.0,31.0,7.13011862761377,44.39720738527139,84.16540793135964,0.0,False
540,540.jpg,1024,2041,95.08000000000001,78.4,0.20241459853088123,0.0,0,0.0060609244121913475,45.0,7.280346674961027,47.506324053502205,85.0280608439994,0.0,False
480,480.jpg,1024,2041,94.84000000000002,72.41,0.2332693699648688,0.0,0,0.0,22.0,7.412432519184622,48.9493067288878,146.13362839352934,0.0,False
16,16.jpg,1024,2041,94.62,74.94,0.1707059437097604,0.0,0,0.004646708716013366,36.0,7.118368755638395,45.11241232175554,83.88852387320543,0.0,False
181,181.jpg,1024,2041,94.32,64.69999999999999,0.1681463397983311,0.0,0,0.0002020308137397116,42.0,7.134040114796007,41.60259086994528,85.23453240774681,0.0,False
201,201.jpg,1024,2041,94.12000000000003,64.44,0.16605492839409536,0.0,0,0.0,39.0,6.931869273216577,41.699382609594934,82.40409068961421,0.0,False
297,297.jpg,1024,2041,93.62,73.38,0.1726148858312133,0.0,0,0.008283263363328174,46.0,7.077055976827221,41.715365452001414,83.78955441402132,0.0,False
467,467.jpg,1024,2041,93.60000000000001,61.61000000000001,0.17009405255035087,0.0,0,0.013940126148040098,46.0,7.135155007247002,42.29622096630759,84.98607322616282,0.0,False
212,212.jpg,1024,2041,93.22000000000001,73.36,0.17905258234660137,0.0,0,0.0,39.0,7.084693867872409,40.51900195957937,84.12614676579813,0.0,False
323,323.jpg,1024,2041,92.97999999999999,57.85,0.19281134274512068,0.0,0,0.0008081232549588464,34.0,7.203627405174341,43.81240027519681,88.2712036332473,0.0,False
36,36.jpg,1024,2041,92.72,71.33999999999999,0.21001954304924597,0.0,0,0.0002020308137397116,38.0,7.069292408357578,42.82403868765374,83.15721024650567,0.0,False
260,260.jpg,1024,2041,91.93999999999997,69.65,0.1309181047865858,0.0,0,0.01030357150072529,43.0,7.1241447565743,40.717900598137874,82.79318525971449,0.0,False
571,571.jpg,1024,2038,91.84,65.96000000000001,0.20022393451521459,0.0,0,0.00020218562662380332,37.0,7.059808739618516,44.857124472942324,84.26946702177025,0.0,False
92,92.jpg,1024,2041,91.22000000000001,64.72999999999999,0.21512488937669888,0.0,0,0.00767717092210904,39.0,7.136539789708703,44.75138735268812,87.39126549350429,0.0,False
93,93.jpg,1024,2041,91.16,64.47,0.21513893609777085,0.0,0,0.00767717092210904,39.0,7.133378419030198,44.74826731201258,87.38687624662195,0.0,False
46,46.jpg,1024,2041,89.63999999999999,60.929999999999986,0.1692537336478794,0.0,0,0.019596988932752024,42.0,6.754963985575273,50.51463670722513,80.20793780604647,0.0,False
155,155.jpg,1024,2038,88.55999999999997,75.72,0.15346040835003333,0.0,0,0.014759550743537641,48.0,7.082959279899141,43.473859283424204,81.90818057105669,0.0,False
24,24.jpg,1024,2041,88.22,71.95999999999998,0.17671731353449358,0.0,0,0.0006060924412191347,37.0,7.068046299629064,42.6716694244672,80.24222765181295,0.0,False
464,464.jpg,1024,2041,87.53999999999999,72.25999999999999,0.21604583078788409,0.0,0,0.017172619167875484,40.0,7.016164856011016,43.13509941134707,81.44734041342977,0.0,False
125,125.jpg,1024,2041,87.26,62.609999999999985,0.1845153109788925,0.0,0,0.011919818010642983,44.0,6.96091114672676,36.65561092856796,81.12047266090113,0.0,False
233,233.jpg,1024,2041,86.49999999999999,43.56,0.16999053125810548,0.0,0,0.0,22.0,7.433247632458293,52.369257457559655,142.0360543925333,0.0,False
160,160.jpg,1024,2041,86.34000000000002,57.16,0.188913729817376,0.0,0,0.001414215696177981,41.0,7.0605647013490715,39.51654364723339,84.34223548862525,0.0,False
107,107.jpg,1024,2041,85.82000000000002,61.480000000000004,0.14109451746399776,0.0,0,0.0,33.0,7.022520750913155,41.570440234123396,78.6251892842968,0.0,False
487,487.jpg,1024,2041,82.46000000000001,59.589999999999996,0.19976958791823907,0.0,0,0.0,21.0,7.443513700617289,46.53291475947836,143.50014346422495,0.0,False
178,178.jpg,1024,2041,81.96000000000004,66.52,0.15273095934622571,0.0,0,0.016162465099176928,48.0,6.971560556112768,40.84470314171,78.95945271242185,0.0,False
596,596.jpg,1024,2041,81.08000000000001,62.760000000000005,0.15915119004951528,0.0,0,0.007071078480889906,44.0,7.026836861638178,43.16743146727109,79.82254296974737,0.0,False
380,380.jpg,1024,2041,80.62,64.85000000000001,0.2318133023715181,0.0,0,0.0,22.0,7.0417993115846835,50.197058451321574,137.66143517313034,0.0,False
18,18.jpg,1024,2041,77.4,48.339999999999996,0.1866270305643754,0.0,0,0.010909663941944425,38.0,6.974290373531643,37.4173200710789,86.2410976340411,0.0,False
586,586.jpg,1024,2041,77.18,66.44000000000001,0.148718398895261,0.0,0,0.01939495811901231,40.0,7.0653123617590055,40.87611102787382,79.7491670226939,0.0,False
270,270.jpg,1024,2041,75.16,56.35000000000001,0.14429967870643812,0.0,0,0.0,34.0,7.158393988289195,46.10466036126315,86.57041755041472,0.0,False
556,556.jpg,1024,2041,73.57999999999998,59.999999999999986,0.20020093295703187,0.0,0,0.0004040616274794232,33.0,7.15539914174791,43.28949007111697,85.25514638406953,0.0,False
507,507.jpg,1024,2041,68.8,49.13000000000001,0.1277534572276527,0.0,0,0.019192927305272597,49.0,6.964214179947855,37.35085212636276,84.75683635471941,0.0,False
408,408.jpg,1024,2041,68.02000000000001,54.849999999999994,0.13698465269656207,0.0,0,0.0034345238335750966,41.0,7.05257854239704,44.076360954669816,80.9561283872093,0.0,False
511,511.jpg,1024,2041,65.12,47.61,0.16252423576167221,0.0,0,0.0,20.0,7.382575493122424,49.209185338300045,143.087700249514,0.0,False
94,94.jpg,1024,2041,56.10000000000001,42.56000000000001,0.17517168832750335,0.0,0,0.0,36.0,7.219147507384816,44.52832064372957,84.12056872505175,0.0,False
74,74.jpg,1024,2038,204.72,78.35999999999999,0.24575126735155386,3.8138274750048016,8,0.09361194512682093,59.0,7.232197227116794,47.69862935138456,87.84987905418537,0.000316529219128747,True
360,360.jpg,1024,2041,185.32000000000005,161.69,0.2297944488239913,3.0932937891687238,13,0.3177944700125663,98.0,7.0764352255814975,46.400053148859406,85.41692536573898,0.0012008018828573524,True
291,291.jpg,1024,2041,181.44,151.45000000000002,0.19615364948032196,0.0,0,1.3608795613506972,109.0,7.1346609613416385,42.69657168163937,113.45020969792881,0.0,True
598,598.jpg,1024,2045,179.65999999999997,72.85000000000002,0.2659677988221074,2.9897202520716837,28,0.5004720292416064,95.0,7.262604258503152,50.63939973284363,86.61156640181612,0.005549249590112246,True
151,151.jpg,1024,2041,167.68,124.15000000000003,0.21272949761019744,0.0,0,1.6134180785253367,105.0,7.058592056981938,45.20063662698813,85.05337437969102,0.0,True
256,256.jpg,1024,1852,167.60000000000005,140.32,0.22150294241923668,0.0,0,0.026496554334635894,55.0,7.203784255264457,43.18999893301036,86.76222677924035,0.0,True
33,33.jpg,1024,2041,163.22,110.69,0.19990927048780238,0.21253641605417659,5,0.5507359982544537,110.0,7.143638983704538,43.3956650973447,84.57102995937498,0.0,True
313,313.jpg,1024,1850,160.94,131.35000000000002,0.21295158184631963,0.0,0,0.07064287242387506,58.0,7.095023048569262,44.24306201777628,82.81135324778911,0.0,True
407,407.jpg,1024,2041,160.69999999999996,127.43000000000002,0.19638053613512707,0.0,0,1.0778343913013613,114.0,7.159584032583741,41.967715507010574,88.00000189600297,0.0,True
516,516.jpg,1024,2043,159.70000000000005,134.21,0.18731990818893596,0.3112568888028209,4,0.8327079954491539,89.0,7.306909974103554,47.65014429311957,88.77773702398554,0.0,True
512,512.jpg,1024,2041,159.58,110.88,0.19030442509996404,0.20162675211223216,2,0.6347808167701738,84.0,7.255642134594399,46.47827779898269,86.89817516033865,0.0,True
546,546.jpg,1024,2038,159.08000000000004,128.44,0.20630288517449774,0.0,0,0.354633589098151,85.0,7.359409341276463,54.24957529713333,90.95501550043586,0.19320943535618718,True
294,294.jpg,1024,1852,158.68000000000006,96.8,0.21393366074752868,0.0,0,0.11355666143415383,61.0,7.151221400249142,42.20620144632395,84.42596204296558,0.0,True
515,515.jpg,1024,1850,157.93999999999997,130.71,0.20533756113126378,2.828166226912929,25,0.7231423375882479,114.0,7.503301698687843,56.06778142413983,143.6459741136245,0.5191498381055701,True
453,453.jpg,1024,1852,157.71999999999997,136.55999999999997,0.23954185982047366,0.0,0,0.031172416864277522,51.0,7.108544624894061,44.04099299003287,86.59868069447842,0.0,True
209,209.jpg,1024,2041,157.12,106.85000000000004,0.19780966925180477,0.05091176506240732,2,0.012121848824382695,47.0,7.239541696512213,45.79140336224381,87.38153963025414,0.0,True
550,550.jpg,1024,1852,157.0,138.04000000000002,0.22379752876793335,0.0,0,0.1300335103481291,64.0,7.218757448431651,47.05428677097716,87.31071825991587,0.0,True
85,85.jpg,1024,2041,156.42000000000002,119.29000000000002,0.20004514207722857,0.0,0,0.9606565193323285,112.0,6.900823265428932,36.195571949509684,90.12176447092669,0.0,True
86,86.jpg,1024,2041,154.76,122.65,0.18503977594538354,0.030910714502175873,1,0.9966180041779972,104.0,7.135698487579362,42.824218014824794,89.8247751972475,0.0,True
576,576.jpg,1024,2041,154.41999999999996,101.17000000000002,0.19612216417592807,0.0,0,0.02545588253120366,49.0,7.173586129186443,51.202604604748835,116.75914505433944,0.0,True
447,447.jpg,1024,2041,153.76,123.72,0.20123885220625176,0.0,0,0.9814656931475189,92.0,7.143072672450508,44.629543615732125,80.40112470896355,0.0,True
398,398.jpg,1024,2043,153.66000000000003,105.42000000000002,0.18112527470956075,0.0,0,0.02218940879346098,51.0,7.0912851404308865,41.79390684257772,80.34424237297337,0.0,True
237,237.jpg,1024,2041,153.24000000000004,107.00000000000003,0.21556584332769863,0.0,0,0.022627451138847697,51.0,6.901120134825673,41.839334873214966,81.4824114124211,0.0,True
172,172.jpg,1024,2041,153.18,114.78000000000002,0.23963783703647473,3.0278358055170576,21,0.0733371853875153,56.0,7.27794930668381,65.11350191467689,161.54037095930167,1.2472539556942026,True
205,205.jpg,1024,1850,152.91999999999996,127.03,0.17181538589824646,0.0,0,0.02651893318120231,53.0,7.271789246266703,58.591106643912426,86.93244916570683,0.0,True
555,555.jpg,1024,2041,152.72000000000003,60.339999999999996,0.17892145640532042,1.5041194082921527,10,0.38103011471309606,114.0,7.149575640606725,43.797810714745374,84.87161531869282,0.0,True
179,179.jpg,1024,2041,152.64,99.19000000000003,0.21417203159921244,0.015758403471697505,1,0.8691365607082393,92.0,7.016078011909711,49.240379502491585,84.93563512307587,0.0,True
580,580.jpg,1024,2041,152.00000000000003,107.0,0.2542706829805378,5.668580571908827,16,0.14182563124527753,67.0,7.415684127028442,56.62822990185287,90.93306098303962,0.001959203072030417,True
468,468.jpg,1024,2041,151.06,109.54,0.18585450673121617,0.0,0,0.3141579153652515,74.0,7.216453932213223,48.64885175855781,82.3322922170342,0.0,True
534,534.jpg,1024,2041,149.96000000000004,77.48,0.21214851785559552,2.4785140229587816,12,0.27415581424478863,82.0,7.25524621562522,50.148172892681245,84.03786507537244,0.00025280039639102153,True
369,369.jpg,1024,2041,149.66,109.68,0.19369972782722591,0.1030357150072529,7,0.03333508426705241,47.0,7.134244439463654,43.524341170085506,83.30680488107005,0.0,True
249,249.jpg,1024,1850,149.26,108.46999999999998,0.22025396011780124,0.0,0,0.02250766597732297,52.0,7.087065203342212,42.09601957272635,85.95682048264341,0.0,True
424,424.jpg,1024,2041,149.26,112.08,0.20421998485178838,0.06242752144557088,3,0.8568126810701169,94.0,7.166486775799303,48.549932853674754,87.39560544430934,0.0,True
537,537.jpg,1024,1852,148.84,128.72,0.20876165524520807,0.0,0,0.2484886944323837,66.0,7.130723403220754,42.82354418145734,89.22526232467848,0.0,True
30,30.jpg,1024,1852,148.52,123.92,0.19095684036226465,0.0,0,0.032508377587032275,51.0,7.250039204951838,50.2768252839781,83.04075186618253,0.0,True
142,142.jpg,1024,2041,146.99999999999997,105.92000000000002,0.19721281435412835,0.0,0,0.09455042083018501,60.0,7.017762380970125,46.58004673385923,83.54634968867632,0.0,True
269,269.jpg,1024,2041,145.92000000000002,103.68,0.19677082855501404,0.0,0,0.09111589699660992,59.0,7.098399934177623,43.708306182525,87.77293089195564,0.0,True
183,183.jpg,1024,2041,145.62,104.00999999999999,0.19615076000595943,0.0,0,0.6757930719593352,98.0,7.129550260185715,46.65023962420857,81.78838963619495,0.0,True
35,35.jpg,1024,2041,145.54000000000002,114.6,0.1923889348167465,0.0,0,1.2305696864885833,108.0,7.2486742178509385,47.767351779565665,87.89100068508907,0.0,True
536,536.jpg,1024,2041,145.54000000000002,107.86999999999999,0.198680234202324,0.12586519695984033,3,0.8933802583570046,101.0,7.290174357747103,48.47811482918158,89.11712495165193,0.0,True
84,84.jpg,1024,2041,145.0,99.04999999999998,0.24713300739725488,0.0,0,0.06707423016158424,56.0,7.162985640529822,43.95032000782764,86.09614125474948,0.0,True
195,195.jpg,1024,2041,144.95999999999998,114.79,0.20893012564773283,0.0,0,0.02282948195258741,50.0,7.398640176210202,53.828623011786945,143.75488726366322,0.0,True
368,368.jpg,1024,1852,144.68000000000004,126.24000000000001,0.2484697410506484,0.10687685782038009,3,0.018703450118566514,51.0,7.295427184046671,71.48076524411611,117.10303111384253,0.0306588375144323,True
376,376.jpg,1024,2041,144.59999999999997,106.14999999999999,0.20321003786294817,3.3070423901053387,13,0.2707212904112135,84.0,7.209575475329389,45.74011454936805,85.69073410707108,0.00669921050436207,True
222,222.jpg,1024,2041,144.29999999999995,97.40999999999997,0.20126478732802433,1.0295490268175702,27,0.0785899865447478,58.0,7.32830199585981,39.91354736291939,152.8223931855125,0.0005056007927820431,True
83,83.jpg,1024,2041,144.18,93.94000000000003,0.21276564298450296,0.0,0,0.39557633330235525,89.0,7.283035718502964,47.10370198050144,90.0005530008671,0.0,True
231,231.jpg,1024,2041,144.0,76.42,0.19899469716812263,3.2371397285513983,8,0.002424369764876539,35.0,7.166407887689352,46.570146187077924,88.3504413894921,0.0,True
274,274.jpg,1024,2041,142.38,110.53,0.24400555460569207,0.0,0,0.044244748208996834,55.0,6.952496381132454,42.22686300886369,83.16234083055042,0.0,True
350,350.jpg,1024,1850,142.29999999999995,99.28000000000003,0.2087913557133255,0.0,0,0.03855273479284033,53.0,7.115367031718826,48.04809479664419,81.54671442157253,0.0,True
34,34.jpg,1024,2041,141.68,108.01,0.2075943366907727,0.0,0,0.02080917381519029,47.0,6.786492806252692,36.720017786234,84.21809911797942,0.0,True
72,72.jpg,1024,2041,141.68,63.57,0.23876629373871422,8.061029468214493,11,0.0802062330546655,54.0,7.118329528114467,48.348190503095736,92.10188361575351,0.01655842596361191,True
567,567.jpg,1024,2038,140.88000000000005,90.39999999999998,0.1943396664297718,0.0,0,0.06773218491897412,53.0,7.11583706696974,43.58258468468496,82.83726409868622,0.0,True
124,124.jpg,1024,1850,140.68,97.92000000000002,0.2091966713990927,0.0,0,0.028524566783141983,50.0,7.111395933226154,45.75961522772031,83.92718167037123,0.0,True
219,219.jpg,1024,2041,140.06,109.07999999999998,0.2073612779568288,0.0,0,0.24930602415480407,70.0,6.998201121808913,48.874016207345385,85.53796113952306,0.0,True
157,157.jpg,1024,2041,139.95999999999998,120.60999999999999,0.21605348341987796,0.0,0,0.04343662495403799,52.0,7.0954085309062425,47.08789534443906,148.4856959215712,0.0,True
339,339.jpg,1024,1852,139.76000000000002,111.28000000000002,0.19876297770791662,0.0,0,0.24336751166182383,78.0,7.188610221512672,51.76592535303239,82.80756492879833,0.0,True
203,203.jpg,1024,1850,139.74,116.03999999999999,0.2263670501220199,0.0,0,0.03498716394494759,53.0,7.398522216706311,59.132312821030254,87.67499588640338,0.0,True
306,306.jpg,1024,2041,139.62000000000003,109.73,0.21489458860359445,0.0,0,0.05555847377842068,55.0,7.226524585103102,44.568206017188096,85.04353538826349,0.0,True
204,204.jpg,1024,2041,139.14,93.79999999999997,0.20072114552734294,0.0,0,0.05171988831736617,54.0,7.043712958345656,42.00143142025252,81.7341551031552,0.0,True
112,112.jpg,1024,2041,138.64000000000004,53.620000000000005,0.26823713331358323,5.026526645844024,8,0.24546743869374954,92.0,7.130291077796648,46.52270526043684,89.2906345037149,0.0,True
419,419.jpg,1024,2043,138.16000000000003,97.59,0.18924445748041496,0.032678947495824354,1,0.32093953991269475,112.0,7.1937645101136045,53.38062764620315,78.44569890368791,0.0,True
568,568.jpg,1024,2041,138.16000000000003,113.17000000000002,0.21050348151391862,0.0,0,1.1748091818964228,104.0,7.127231168370525,44.385699798693786,86.93878248801094,0.0,True
215,215.jpg,1024,2041,137.76,71.49000000000001,0.20163795434883852,1.2616824318044988,12,0.30930917583549844,93.0,7.105781557469165,41.80416321307148,88.8205028705485,0.0018960029729326617,True
60,60.jpg,1024,2041,137.62,120.48999999999998,0.17257381297654162,0.03050665287469645,1,1.0895521784982645,99.0,7.191388482095835,47.93431432611248,84.70842128680458,0.0,True
438,438.jpg,1024,2041,137.36,69.60999999999999,0.17337536674899412,2.214055687773499,7,0.20829376896564267,88.0,7.163859672293846,43.59921352444119,84.88776736801923,0.0,True
381,381.jpg,1024,2041,137.27999999999997,104.85000000000002,0.2003498807411947,0.0,0,1.1643035795819578,104.0,7.166692436851257,42.95435724220913,85.55729720984202,0.0,True
513,513.jpg,1024,2041,137.26,96.5,0.21848018283679774,0.0,0,0.12303676556748436,63.0,7.151269614703715,45.52235529629971,80.87424001880835,0.0,True
223,223.jpg,1024,2041,137.22000000000003,106.28999999999998,0.18377832486883078,0.0,0,0.14142156961779812,64.0,7.273836439249924,45.790313673266695,91.80949530928865,0.0,True
197,197.jpg,1024,2041,136.98000000000002,102.97,0.25876122853352945,0.0,0,0.06020518249443405,56.0,7.092304428630756,49.48874155620649,87.77483953494838,0.0,True
305,305.jpg,1024,2041,136.84,79.03999999999999,0.21956469247908642,0.0,0,0.09394432838896588,59.0,7.0592346450725625,40.80964204426418,85.29689257752756,0.0,True
597,597.jpg,1024,1850,136.8,109.08000000000001,0.18382826265773872,0.0,0,0.02830171860514868,53.0,7.041194572316386,41.363946815840755,84.3767043537191,0.0,True
477,477.jpg,1024,2041,136.77999999999997,93.72000000000004,0.2215091399613035,0.0,0,0.020203081373971157,41.02700000006007,7.188815264562769,44.84161834835502,82.97656793125851,0.0,True
541,541.jpg,1024,2041,136.38,90.26,0.22428537146208444,0.0,0,0.025051820903724237,50.0,6.959505890874009,41.53205685468934,83.92510977857214,0.0,True
165,165.jpg,1024,1852,136.11999999999998,93.60000000000004,0.20444906367150203,0.0,0,0.03829754071896953,53.0,7.048728921283341,46.31968522443305,86.40105104069333,0.0,True
508,508.jpg,1024,2041,135.85999999999999,88.16,0.20462492994282655,0.0,0,0.06667016853410482,54.0,7.082581600242773,38.68541424120707,101.79959754176895,0.0,True
440,440.jpg,1024,2041,135.82000000000005,91.17999999999999,0.19570756239475462,0.0,0,0.14000735392162014,66.0,7.162146501807392,43.978354095346745,82.93027828267634,0.0,True
435,435.jpg,1024,2041,135.8,98.96000000000002,0.22853668803510174,0.0,0,0.02929446799225818,48.0,7.030926215610377,41.12552388323935,86.26545495223337,0.0,True
14,14.jpg,1024,1852,135.36,97.96,0.1891039301851893,0.0,0,0.030504436502900148,52.0,7.3693690432962065,54.95329342481294,89.5938846767827,0.0,True
97,97.jpg,1024,2041,134.96000000000004,84.14,0.19592815988341655,2.052835098409209,8,0.1480885864712086,66.0,7.158150209289541,47.027906951864686,85.55469652576416,0.0,True
49,49.jpg,1024,2041,134.78,99.12000000000002,0.22738827269942263,0.0,0,0.028284313923559623,51.0,7.073406201150812,44.21061543805263,83.56764749007127,0.0,True
167,167.jpg,1024,2041,134.62,98.27999999999997,0.23019480434978398,0.0,0,0.0541442580822427,51.0,7.030966071874355,43.87402170054457,83.53344738844551,0.0,True
198,198.jpg,1024,2041,134.50000000000003,96.74,0.22314164317887275,0.0,0,0.031112745315915583,45.0,7.084503495472628,43.899834653876,84.49386706238356,0.0,True
240,240.jpg,1024,2041,134.36,101.92999999999998,0.21624910285808807,0.0,0,0.09010574292791138,58.0,7.052897474623732,40.45029128473262,86.42583278770582,0.0,True
357,357.jpg,1024,2041,134.36,85.14000000000001,0.20871699731542265,0.0,0,0.04646708716013367,54.0,7.0795621755644875,41.07886023378637,84.41531565921495,0.0,True
177,177.jpg,1024,2041,134.09999999999997,88.64999999999998,0.21228394748217191,0.0,0,0.02202135869762856,48.0,7.191264134514191,45.25613786583742,85.46015992153076,0.0,True
502,502.jpg,1024,2041,134.07999999999998,74.32000000000001,0.21596871007451035,5.850408304274568,8,0.01939495811901231,48.0,7.430834826796255,44.85446737031057,148.29869820435877,0.0,True
265,265.jpg,1024,2041,133.92,86.84,0.2222104477414586,0.0,0,0.14142156961779812,68.0,7.029383756892541,43.39321685910508,82.03437579790125,0.0,True
276,276.jpg,1024,2041,133.83999999999997,100.15,0.19506990009836492,0.0,0,0.06485189121044742,55.0,7.147321460913724,44.06714855906203,83.52590635262116,0.0,True
386,386.jpg,1024,2041,133.54,87.59,0.20904916924267813,0.0,0,0.020203081373971157,49.0,7.034204190580089,44.14024117569628,84.2612850096949,0.0,True
379,379.jpg,1024,2041,133.52,87.46,0.1849466151377883,0.0,0,0.04687114878761309,52.0,7.0731284577212445,41.71877198555167,83.95563416243436,0.0,True
267,267.jpg,1024,2041,133.26000000000002,113.97000000000003,0.24985208562627464,0.0,0,0.12667332021479916,64.0,7.07715695151189,42.62717510284067,84.90592791649497,0.0,True
3,3.jpg,1024,2041,133.14,99.07999999999998,0.19217688320640902,0.0,0,0.17293837656119312,68.0,7.169039366899048,43.269342063164274,83.6636029365294,0.0,True
486,486.jpg,1024,2041,132.62,104.88000000000005,0.2223221151217078,0.0,0,0.19475770444508195,73.0,7.126377288774811,42.87404481588397,86.71099479483983,0.0,True
37,37.jpg,1024,2041,132.48,96.03999999999998,0.18199798621368454,0.0,0,0.12263270394000493,68.0,7.229740200366231,46.62979655332096,85.00073059314558,0.0,True
478,478.jpg,1024,2041,132.2,111.4,0.19259753644740674,0.0,0,0.839236000274762,95.0,7.108182878925931,43.151470468198596,85.94133830001846,0.0,True
312,312.jpg,1024,2041,132.12,100.80999999999997,0.23816688874236752,0.04222444007159972,2,0.05374019645476328,54.0,7.001087301414935,46.43058308563184,83.39236770323257,0.0,True
148,148.jpg,1024,2041,132.04000000000002,87.54,0.2303303035788416,0.0,0,0.05131582668988674,56.0,7.005024360967964,41.95666969613196,85.90004272326699,0.0,True
12,12.jpg,1024,2041,131.77999999999997,93.84,0.1942189399976093,0.37254482053602817,2,0.002828431392355962,47.0,7.257244064806484,56.99588088839539,89.62739939176225,0.1347426112764145,True
551,551.jpg,1024,2041,131.68,93.97,0.2436585704387407,0.0,0,0.058992997611995786,54.0,7.009833440414262,43.26043415617015,82.98930022322276,0.0,True
549,549.jpg,1024,1850,131.3,103.40000000000005,0.21447803783810773,0.0,0,0.037884190258860445,53.0,7.196137159786034,46.871040242642316,84.96560824057987,0.0,True
81,81.jpg,1024,2041,131.3,84.18,0.21236563693490135,0.0,0,0.0418203784441203,46.0,7.177069283998483,44.74479690050073,82.68132993232534,0.0,True
40,40.jpg,1024,2041,130.84,89.93,0.22282406444015218,0.0,0,0.09919712954619837,60.0,7.103831116884548,43.811172082140004,83.41149900523044,0.0,True
69,69.jpg,1024,2041,130.64000000000001,79.32,0.2139766349028055,0.0,0,0.08667121909433627,58.0,7.12262518925067,45.45451231952717,86.88177157461783,0.0,True
185,185.jpg,1024,1852,129.88000000000002,114.36000000000001,0.1766815392455153,0.28366899346492547,2,0.26897342551462317,80.0,7.137438905306124,42.57691216427311,88.31144640730683,0.0,True
62,62.jpg,1024,2041,129.88,87.13000000000002,0.18788454123745116,0.21940546372132677,1,0.15536169576583822,68.0,7.041388956773655,41.917107840539,85.54981242210587,0.0,True
63,63.jpg,1024,2041,129.66000000000003,87.21999999999998,0.1801871371429563,0.11636974871407388,4,0.2642563043715428,77.0,7.12112965464617,41.8606000077935,85.49486878395426,0.0,True
316,316.jpg,1024,2041,129.57999999999998,75.58000000000001,0.20376698573481994,0.0,0,0.0804082638684052,58.0,7.066746390694721,39.62049042529098,85.73459876785087,0.0,True
279,279.jpg,1024,2041,129.56,108.75000000000003,0.194144978027185,0.0,0,0.1818277323657404,68.0,7.011199136117834,39.12353379528737,84.52420310995048,0.0,True
285,285.jpg,1024,1394,129.27999999999997,115.84,0.18993041620744547,0.0,0,0.03397873226827243,53.0,7.304760946350706,49.47791491052625,87.08193345525895,0.0,True
281,281.jpg,1024,2041,129.22000000000003,94.73000000000002,0.16952755044946513,1.0895521784982645,2,0.16889776028639888,79.0,7.287199623875079,57.470510795981795,112.3423865368621,0.010933617143911683,True
184,184.jpg,1024,2041,129.12,87.33000000000001,0.24474752390242738,0.0,0,0.028890406364778756,48.0,7.012273444966054,46.76163080140785,87.77885653324705,0.0,True
504,504.jpg,1024,2041,128.83999999999997,76.1,0.21930722793849422,0.2951670188737186,2,0.0030304622060956738,43.0,7.0055072775458305,39.16260745516864,83.48046864137483,0.0,True
520,520.jpg,1024,2041,128.70000000000002,82.36000000000001,0.23609522375015224,0.0,0,0.03070868368843616,47.0,7.080582266673362,44.400965216876315,81.67928856912448,0.0,True
382,382.jpg,1024,2041,128.39999999999998,97.38,0.22281435360916182,0.0,0,0.058386905170776646,52.0,7.057180887711802,42.79729460241141,81.37739623175729,0.0,True
463,463.jpg,1024,2041,128.3,86.34000000000005,0.23370364602595292,0.0,0,0.05919502842573549,51.0,7.200723876523517,45.41686455728146,87.43336939952322,0.0,True
449,449.jpg,1024,2041,128.26,82.68,0.19673809292959593,0.0,0,0.0349513307769701,52.0,7.0136662549954565,42.09768571900027,84.49475312777291,0.0,True
564,564.jpg,1024,2041,128.16,86.96000000000001,0.2093033249759993,0.0,0,0.11556162545911502,62.0,7.1054033158271395,45.33248421513006,82.16328504003094,0.0,True
304,304.jpg,1024,2043,128.06,102.75000000000001,0.2070565633853625,0.0,0,0.0558769657798972,55.0,6.87155700930184,39.99412150721593,85.06569160588319,0.0,True
383,383.jpg,1024,2041,127.72,94.00999999999999,0.19856230813006887,0.0,0,0.11940021092016954,64.0,7.033749161416438,44.12382557138434,83.59903897929311,0.0,True
405,405.jpg,1024,2041,127.38000000000001,59.7,0.16091992335206662,3.2468372076109047,8,0.22587044976099757,84.0,7.233563914229621,47.50007004085623,88.92923421703925,0.00018960029729326615,True
78,78.jpg,1024,2041,126.86000000000001,91.95999999999998,0.20644706750008282,0.0,0,0.0909138661828702,58.0,7.028740484323647,42.72628954438884,82.80975316569297,0.0,True
73,73.jpg,1024,2041,126.35999999999999,86.88000000000001,0.21792816173285598,0.0,0,0.021011204628930004,50.0,7.176389371873741,43.490071588714606,84.82835801086536,0.0,True
510,510.jpg,1024,2041,125.73999999999998,79.58,0.22252874717203988,0.0,0,0.17738305446346678,71.0,7.164270097507419,44.67281130498095,86.00941491876259,0.0,True
309,309.jpg,1024,2043,125.46000000000001,89.72000000000001,0.1692121188045595,0.0,0,0.024004905876562337,48.0,7.006178100563643,40.93565254056207,84.19295686088338,0.0,True
400,400.jpg,1024,2041,125.42,89.4,0.20616687454016946,0.0,0,0.24667962357618786,76.0,7.1994224895823375,46.90253067575669,83.37114384595355,0.0,True
402,402.jpg,1024,2043,125.34,84.27,0.22020552350053202,0.0,0,0.12910201479831845,64.0,6.927197991501516,44.17842967679022,85.90190513106377,0.0,True
105,105.jpg,1024,2041,125.21999999999998,84.17999999999998,0.1619832424147614,0.0,0,0.0804082638684052,58.0,7.2378836267464965,45.85980282980215,86.10317605778006,0.0,True
505,505.jpg,1024,2041,125.14000000000001,93.77000000000001,0.19300553424397665,0.0,0,0.041416316816640875,51.0,7.096659028180021,40.61017145018268,86.29644385682397,0.0,True
135,135.jpg,1024,2041,124.84,80.27,0.20649711416359745,0.0,0,0.09960119117367781,60.0,6.979781561565165,45.42742997407663,81.313112882961,0.0,True
308,308.jpg,1024,2041,124.61999999999999,92.56,0.2076240690593811,0.0,0,0.23273949742814776,87.0,7.1971420211367585,44.02743071618004,84.87182830302677,0.0,True
544,544.jpg,1024,2041,124.54000000000002,103.55000000000003,0.20197900788348933,0.0,0,0.7454937026995357,90.0,7.257019247507591,47.94225985771601,86.82998920542308,0.0,True
258,258.jpg,1024,1852,124.35999999999999,108.96000000000001,0.19715426905269978,0.8400966344922792,1,0.23512908720483616,72.0,6.916297677277249,49.893486143803145,84.34650618158811,0.01728043568995275,True
425,425.jpg,1024,1850,124.32000000000002,100.98000000000003,0.23104814167228016,0.0,0,0.022061969621336375,53.0,7.297021636382607,48.19372864113997,86.29550265361843,0.0,True
59,59.jpg,1024,2041,124.16,82.9,0.16658058674123866,0.15091701786356457,2,0.10162149931107493,62.0,7.084066600908546,42.17633685131354,86.96803275787536,0.0,True
432,432.jpg,1024,2041,124.08000000000003,95.47,0.24202979713268818,0.0,0,0.03333508426705241,47.0,7.168941373347183,44.970794796410054,87.44523395412683,0.0,True
190,190.jpg,1024,2041,124.04,98.59999999999995,0.23075007584140123,0.0,0,0.056568627847119246,55.0,7.1351751124740375,44.52562151180301,85.93231269386631,0.0,True
351,351.jpg,1024,2041,123.67999999999999,85.2,0.2193624143322523,0.0,0,0.02060714300145058,48.0,7.100042105164798,44.55859762131151,82.47690857979265,0.0,True
475,475.jpg,1024,2041,123.03999999999999,92.89000000000001,0.2016076608464559,0.0,0,0.2858736014416919,80.0,7.0654005608447985,41.825026429605586,83.84326122623361,0.0,True
272,272.jpg,1024,2041,122.71999999999998,92.45,0.2367672269675498,0.0,0,0.03192086857087443,49.0,7.052058657198822,43.024279473138634,85.33809398613137,0.0,True
210,210.jpg,1024,1850,122.47999999999999,89.07,0.16274634217663303,0.654950795122299,3,0.9533445054553233,152.0,7.370899679562212,53.67167489118325,89.49019220954521,0.00013944395329185341,True
275,275.jpg,1024,2041,121.88,91.23,0.21948293638680147,0.0,0,0.04060819356168203,50.0,7.147400848146417,44.496723709818376,88.27320960439266,0.0,True
494,494.jpg,1024,2041,121.63999999999999,94.65999999999998,0.19139558807819043,0.0,0,0.08970168130043193,59.0,6.6872369663354405,49.41408445343035,81.4145212339693,0.0,True
418,418.jpg,1024,2041,121.62,83.20999999999998,0.201461874052295,0.0,0,0.031112745315915583,45.0,7.102110010512366,47.30978515675789,86.28122337695825,0.0,True
111,111.jpg,1024,2041,121.48,87.5,0.2139110969546364,0.13839110741170244,1,0.04828536448379107,52.0,7.083690568703618,41.91455535099404,84.19097616345063,0.0,True
441,441.jpg,1024,2041,121.42000000000002,69.75999999999999,0.20135154575424702,0.0,0,0.24708368520366727,80.0,6.203242986964636,36.696626469956364,50.80699384936636,0.0,True
2,2.jpg,1024,2041,121.38000000000001,93.21000000000004,0.20040413843722987,0.0,0,0.026264005786162507,47.0,6.992985521960196,46.137723266019236,82.71324092636178,0.0,True
75,75.jpg,1024,2041,121.28000000000003,97.74000000000001,0.16647007815374254,0.0,0,0.0349513307769701,46.0,7.091702982573308,39.82992330565549,86.74157037078234,0.0,True
574,574.jpg,1024,2041,121.18000000000002,84.54000000000002,0.19021929135503404,0.0,0,0.11818802603773128,64.02700000006007,6.967479885712626,45.06982871705211,83.04839926789005,0.0,True
133,133.jpg,1024,2041,121.0,86.94,0.16385633382357706,0.017778711609094618,1,0.07010469236767992,56.0,7.068612674019654,45.210919599946656,84.77535903976298,0.0,True
310,310.jpg,1024,2038,120.68000000000002,69.48,0.17034683603205372,0.0,0,0.1338468848249578,65.0,7.109057737600919,43.175733887198284,85.01626833574635,0.0,True
299,299.jpg,1024,2041,120.38,89.65000000000002,0.20657213534445984,0.0,0,0.05394222726850299,54.0,7.063465330790835,40.17516972474962,84.28706622611985,0.0,True
340,340.jpg,1024,1852,120.12,91.84,0.1991702351592415,0.08438818565400844,2,0.04208276276677466,46.0,7.272828017877893,47.68070618219064,85.39083258950812,0.0,True
579,579.jpg,1024,1852,119.76,94.76,0.18792339680443043,0.0,0,0.19705420660632578,74.0,7.196275954465251,43.09600055749022,87.50595025324897,0.0,True
338,338.jpg,1024,2041,119.69999999999996,90.77999999999999,0.18708528295980933,0.0,0,0.1707160376100563,70.0,7.290390170829916,54.4535759418454,83.08147819975781,0.0,True
458,458.jpg,1024,2041,119.42,76.21,0.1671069044628903,0.02424369764876539,2,0.04101225518916145,50.0,7.199895006836922,44.14432048077553,83.857313136267,0.0,True
431,431.jpg,1024,2041,119.24000000000001,87.22000000000003,0.1692458006461745,0.41274895247023075,1,0.02565791334494337,47.0,7.2187982378326305,44.53653877597768,87.1951739140327,0.0,True
273,273.jpg,1024,2041,118.94,91.19999999999997,0.1888923032140225,0.0,0,0.045254902277695394,51.0,7.043646366906556,43.97231673625896,81.3527109050507,0.0,True
443,443.jpg,1024,2041,118.66,84.84000000000002,0.20149411312003596,0.008283263363328174,1,0.05879096679825607,54.0,6.985087144391961,38.93546820771405,81.0790285639168,0.0,True
488,488.jpg,1024,2038,118.59999999999998,89.52000000000001,0.21646508947962734,2.6544950919439136,11,0.004043712532476066,44.0,7.273618470718684,69.8027750934295,95.24635848959853,1.556880617206655,True
147,147.jpg,1024,2041,118.2,79.29000000000002,0.24651827658001205,0.0,0,0.1531393568147014,71.0,7.193539340978379,46.15596086571568,89.85594169411658,0.0,True
247,247.jpg,1024,1850,117.99999999999999,80.88999999999999,0.17559625236544335,0.0,0,0.028524566783141983,50.0,7.260222090532126,47.477603912696374,87.06099348238962,0.0,True
4,4.jpg,1024,2041,117.78000000000003,76.39999999999998,0.22229749593373574,0.0,0,0.03070868368843616,53.0,7.136912409749644,43.28229144024537,82.68567683514128,0.0,True
220,220.jpg,1024,2041,117.51999999999998,102.00000000000001,0.2025672431685982,0.08747934234929511,1,0.0,43.0,7.107433858232364,41.407906064270726,85.45597860297445,0.0,True
524,524.jpg,1024,2041,117.15999999999997,63.849999999999994,0.1519146426842113,0.7986278067130799,8,0.24001260672277736,86.0,7.241625739694949,46.40737866982395,89.2763797213634,0.00044240069368428766,True
196,196.jpg,1024,2041,117.00000000000003,88.41,0.19551831134636713,0.0,0,0.11374334813545761,70.0,7.071672795704205,42.81521952028355,81.28133460913267,0.0,True
303,303.jpg,1024,2041,116.75999999999999,83.42,0.21250119187635436,0.0,0,0.13455252195064793,67.02700000006007,7.0072411306185565,43.165845699677384,86.62061043711716,0.0,True
426,426.jpg,1024,2041,116.75999999999999,88.55999999999999,0.21322508542606883,0.0,0,0.05070973424866761,52.0,7.05179041539524,41.562211471866,84.69171750061304,0.0,True
531,531.jpg,1024,2041,116.75999999999999,70.35,0.18602073471990493,0.0,0,0.08101435630962434,58.0,7.1369846113213296,43.84543266427305,84.75802262057947,0.0,True
444,444.jpg,1024,2041,116.72000000000003,67.43,0.14436795181317025,4.5616537434289475,9,0.25577101019447485,82.0,7.146687377455127,45.114435114712755,88.10976340410902,0.012197619125866789,True
573,573.jpg,1024,2041,116.28,55.13000000000001,0.14729528957690924,0.7701414619757805,5,0.10808648535074569,62.0,7.1143917983505585,41.64712193523137,86.01089316908049,0.0,True
588,588.jpg,1024,2041,116.02000000000002,78.36000000000001,0.1821124246632012,0.7533729044353845,6,0.3557762629956321,109.0,7.151061197919465,48.23600395233253,85.80621080013853,0.0,True
566,566.jpg,1024,2041,115.88000000000002,86.68,0.2431583017426055,0.0,0,0.07737780166230954,59.0,7.111733777007472,45.99864637155601,86.99790112470896,0.0,True
192,192.jpg,1024,2041,115.84,86.96,0.20670697494722745,0.0,0,0.07192296969133732,52.0,7.033490174172628,39.74847078161074,83.41726475027113,0.0,True
410,410.jpg,1024,2041,115.82,57.33000000000001,0.12948571067108428,4.1198123537801985,9,0.5085115581828541,102.0,7.189668993368848,48.26105551066883,86.58925623595378,0.001137601783759597,True
593,593.jpg,1024,2041,115.74000000000001,87.81,0.2018560363755022,0.0,0,0.029496498805997893,48.0,7.070314375337387,39.1839877657204,84.35303448955808,0.0,True
241,241.jpg,1024,2041,115.44,82.64,0.19462693272355497,0.6731666713807191,6,0.04323459414029828,51.0,7.172946341312617,43.72011743600088,86.23629569051164,0.0,True
238,238.jpg,1024,2041,114.78,83.22,0.2197187207127066,0.04788130285631165,1,0.20667752245572493,108.0,7.100058878007978,42.657183583701475,85.8526483369526,0.0,True
589,589.jpg,1024,2041,114.53999999999999,93.82000000000002,0.22352848173861306,0.0,0,0.040002101120462895,49.0,6.9338101372881225,46.251271804556005,87.86113863826539,0.0,True
341,341.jpg,1024,2041,114.16000000000001,84.96,0.15826951238327622,0.20627346082824552,1,0.2097079846618206,81.0,7.097493323149376,42.68357913532973,89.28088083242115,0.0,True
459,459.jpg,1024,2041,113.82000000000001,104.57999999999998,0.18758033416611553,0.0,0,0.07576155515239184,57.0,7.018081478248584,40.366639598171666,82.9047568186587,0.0,True
278,278.jpg,1024,2041,113.79999999999998,81.67999999999999,0.16666195416625998,0.0,0,0.036567577286887795,50.0,7.061130057661812,41.18838788920279,82.5331604599956,0.0,True
320,320.jpg,1024,2041,113.68000000000002,82.74000000000001,0.23218446966849252,0.0,0,0.10364180744847204,62.0,7.03310679928863,42.37700937508697,84.46405747164212,0.0,True
324,324.jpg,1024,2041,113.59999999999998,95.96000000000001,0.21332082431473431,0.0,0,0.2695091055287752,81.0,7.260466706530291,46.44262685378899,86.95315103054081,0.0,True
292,292.jpg,1024,2041,113.36000000000001,72.1,0.2127042687344335,0.0,0,0.20021253641605416,79.0,7.105113710377227,44.76960460494525,84.05536391881063,0.0,True
186,186.jpg,1024,2041,113.14000000000001,95.82000000000002,0.1804647129639554,0.06343767551426943,1,0.13313830625446993,77.0,7.016829011555529,38.042361093449166,87.95869051922674,0.0,True
417,417.jpg,1024,2041,113.14000000000001,67.28,0.18678101042233228,0.14445203182389377,3,0.040406162747942315,47.0,7.138778184855176,46.904187103389404,84.78590903230537,0.0,True
202,202.jpg,1024,2041,112.99999999999997,82.5,0.20609331863291958,0.0,0,0.024849790089984527,49.0,7.088184269963737,43.01542875281394,82.32553486243866,0.0,True
330,330.jpg,1024,2041,112.89999999999999,84.03999999999999,0.18532502783911226,0.17677696202224763,1,0.28526750900047276,76.0,7.089544371913841,41.87938456173406,82.85580581390352,0.0,True
554,554.jpg,1024,2041,112.87999999999997,91.91999999999999,0.21398540669150296,0.11354131732171792,1,0.0032324930198353854,35.0,7.383748655621466,52.21068614217266,139.8471916403965,0.0,True
521,521.jpg,1024,2041,112.86000000000001,70.36,0.19830014623891484,0.0,0,0.035557423218189235,48.0,7.193920410375003,43.63032498986175,84.13471101122687,0.0,True
522,522.jpg,1024,2041,112.79999999999998,75.99,0.2049435284740412,0.0,0,0.25395273287081743,80.0,7.167192913696292,45.23642934471389,90.52542223986207,0.0,True
104,104.jpg,1024,2041,112.69999999999999,70.6,0.20008916200076926,0.0,0,0.0610133057493929,46.0,7.238037079070541,46.6142476064965,84.39989673103807,0.0,True
489,489.jpg,1024,2041,112.52000000000001,91.96000000000001,0.19296306919970765,0.0,0,0.056568627847119246,51.0,6.958315145050482,45.80408275581469,84.69229388551682,0.0,True
171,171.jpg,1024,2041,112.52,63.16999999999999,0.15085429585287802,1.3422927264866438,9,0.30789496013932044,99.0,7.137725409773854,44.77921336346479,86.01739645927765,0.0009480014864663308,True
445,445.jpg,1024,2041,112.4,77.75999999999999,0.18450298678800447,0.0,0,0.02080917381519029,44.0,7.153292251937284,44.917943852317485,83.40429166592934,0.0,True
349,349.jpg,1024,2041,112.36000000000001,85.60000000000001,0.23942966031693774,0.046265056346393954,1,0.008283263363328174,48.0,7.119277881923147,43.68300500241333,83.16041259552695,0.0,True
289,289.jpg,1024,2041,112.30000000000001,89.96,0.21037583615156086,0.0,0,0.36527171124139857,85.0,7.079862203917754,41.3307186968114,85.21565896215326,0.0,True
590,590.jpg,1024,2041,112.20000000000002,80.54,0.20941337643758984,0.0,0,0.04060819356168203,45.0,7.115103502353169,41.40731905528668,84.63749307958915,0.0,True
139,139.jpg,1024,2041,112.04,68.75000000000001,0.1546916478360949,0.7598378904750552,4,0.3002177892172114,78.0,7.061284929845448,49.77677999338317,84.08165768803926,0.0,True
89,89.jpg,1024,2041,112.00000000000004,80.46000000000001,0.18067907531704583,0.4699236727585691,4,0.05596253540590011,54.0,7.32639492079433,49.32309286607602,87.45413695208674,0.0,True
82,82.jpg,1024,2041,111.96000000000002,90.9,0.22294978660350526,0.0,0,0.07919607898596694,58.0,7.072248781202549,39.91163904400519,85.98821570952224,0.0,True
582,582.jpg,1024,2041,111.84,80.6,0.2022231340140292,0.0,0,0.13596673764682587,65.0,7.081402732807646,42.62657221455203,85.71227143684162,0.0,True
242,242.jpg,1024,2041,111.82,55.80999999999999,0.1446443629022997,1.5517986803347248,10,0.1866764718954935,85.0,7.185036160473786,46.79886514247447,82.88897132990705,0.0,True
462,462.jpg,1024,2041,111.58,84.66000000000001,0.23332601081209303,0.013334033706820965,1,0.11131897837058108,61.0,7.305476215283845,52.18918480777612,88.22762337291344,0.0,True
22,22.jpg,1024,2041,111.5,92.12,0.19742988604805445,0.0,0,0.05535644296468098,54.0,7.250062304343688,46.630686386394494,82.96296979793664,0.0,True
317,317.jpg,1024,2041,111.12,65.71,0.17269857879253958,2.457098756702372,10,0.3034502822370468,87.0,7.178303773517613,44.885982806997106,87.0208320166646,0.0024016037657147047,True
132,132.jpg,1024,2041,111.08000000000001,74.63999999999997,0.14550973770497685,1.6384698994290607,10,0.15435154169713966,71.02700000006007,7.084175641950112,44.636416618561924,83.82339048307628,0.0020856032702259277,True
113,113.jpg,1024,2041,111.02000000000001,91.81000000000002,0.16101740815555282,0.0,0,0.23496183637928456,76.0,7.140373392023172,41.83918631344177,81.98742570828351,0.0,True
548,548.jpg,1024,2041,110.82,89.33000000000003,0.21424647441088385,0.010505602314465002,1,0.11051085511562223,63.0,7.086575422652053,48.628173773369,83.34387932320278,0.0,True
283,283.jpg,1024,2041,110.69999999999997,91.48000000000002,0.1748182317567692,0.26466036599902215,4,0.0006060924412191347,34.0,7.130012540419752,46.62689406307613,87.08343171482093,0.0,True
106,106.jpg,1024,2041,110.5,56.77999999999999,0.14937164530107025,0.8842888717387176,10,0.1882927184054112,73.0,7.1460986254363394,41.687836207774104,84.78888638897386,0.00025280039639102153,True
594,594.jpg,1024,2041,110.13999999999999,76.08999999999997,0.17263631895074502,1.3305749392897404,7,0.004444677902273654,38.02700000006007,7.466930872189208,52.69606628622745,140.9985432377158,0.014093622098799451,True
224,224.jpg,1024,2043,110.04000000000002,79.19,0.1982354241037248,0.0,0,0.6319947068173933,86.0,7.113961259254399,50.05442290349431,87.80083811120693,0.0,True
188,188.jpg,1024,2041,109.72000000000006,81.89,0.16807125641162662,0.07192296969133732,4,0.012929972079341542,45.0,7.167325064651057,45.96039230674566,80.85283414524395,0.0,True
314,314.jpg,1024,2041,109.49999999999997,57.2,0.16524704731688564,1.3689607939002857,5,0.3561803246231115,94.0,7.0848741226402385,46.06065197767746,84.11383791449785,0.0,True
448,448.jpg,1024,2041,109.42,67.81,0.19250982263875924,0.11434944057667676,2,0.28344923167681535,81.0,7.230403025188425,44.941660897911234,86.40073729235607,0.0,True
470,470.jpg,1024,2041,109.10000000000002,83.66000000000001,0.21596790356139278,0.16283683587420753,2,0.06949859992646079,54.0,7.225639024787311,45.38657290188145,85.87357831377079,0.0,True
327,327.jpg,1024,2041,108.84000000000003,86.18000000000004,0.16974259573766914,0.0,0,0.06000315168069434,52.0,7.178018487101271,45.302195211458496,81.83595213477295,0.0,True
364,364.jpg,1024,2041,108.38000000000001,80.67999999999999,0.18716494711775736,0.0,0,0.22849685033961378,97.02700000006007,7.21764694029865,45.28578885066463,83.87566265303904,0.0,True
343,343.jpg,1024,2041,107.76000000000002,83.32000000000001,0.21086478469656592,0.0,0,0.07232703131881675,53.0,7.0406931312672185,42.051459907241544,84.42145428484032,0.0,True
114,114.jpg,1024,2041,107.32000000000001,86.16999999999999,0.2114698774496854,0.0,0,0.02282948195258741,49.0,7.120170244914457,43.48275697197787,88.96158887577135,0.0,True
315,315.jpg,1024,2041,107.24000000000001,76.0,0.1839871816559907,0.0,0,0.21415266256409426,75.0,6.825230322491295,38.28614391232676,78.5421405620764,0.0,True
526,526.jpg,1024,2041,107.12,65.30000000000001,0.1446534424543556,1.8609058253564834,6,0.060811274935653185,54.0,7.295129522766304,48.684687591835306,83.73231408426848,0.0,True
401,401.jpg,1024,2041,107.04,78.45000000000002,0.20442196347591496,0.0,0,0.02848634473729933,46.0,7.138780373992557,44.80652710389106,84.91459391408326,0.0,True
9,9.jpg,1024,1850,106.77999999999999,90.83,0.1846378457476964,0.0,0,0.028078870427155386,54.0,7.310054073458707,56.68435368325838,87.63452018730112,0.0,True
328,328.jpg,1024,2041,106.68,67.93,0.16617167343204914,0.0,0,0.026061974972422793,49.0,7.289039023378855,49.36690738012771,81.904665810516,0.0,True
439,439.jpg,1024,2041,106.54000000000002,74.50000000000001,0.19698732741298058,0.0,0,0.10081337605611608,62.0,7.032636479482279,40.232996931468094,81.71937386397822,0.0,True
103,103.jpg,1024,2041,106.34,81.09999999999998,0.19388591049295673,0.0,0,0.04404271739525712,52.0,7.076704537086288,39.911811691872636,82.31096597559466,0.0,True
578,578.jpg,1024,2041,106.18,68.45,0.187527060374776,0.059801120866954625,1,0.37234278972228846,92.0,7.1251581907292865,40.743285228015,83.5608781274569,0.0,True
519,519.jpg,1024,2041,105.96,56.169999999999995,0.13110834995479287,1.735848751651602,8,0.2474877468311467,104.0,7.235736144032442,47.713588468488965,83.60306419360465,0.00012640019819551077,True
335,335.jpg,1024,2041,105.74000000000001,80.96,0.19519563271761184,0.2610238113517074,1,0.011919818010642983,46.0,7.131770277967694,44.94594254130875,83.79284271517737,0.0010112015855640861,True
296,296.jpg,1024,2041,105.63999999999999,72.69000000000001,0.1615186468419281,0.1832419480619184,3,0.30041982003095113,89.0,7.126588121242658,44.430358543951876,82.22349324643741,0.0,True
144,144.jpg,1024,2041,105.6,80.32,0.19644770468390527,0.0,0,0.095964636526363,58.0,7.143792946006611,44.709481768808104,79.27487492700388,0.0,True
347,347.jpg,1024,2041,105.6,70.44999999999999,0.18717364979531598,0.15839215797193387,2,0.018586834864053464,44.0,7.102751987269894,45.756455152730226,84.21189602825297,0.0,True
261,261.jpg,1024,2041,105.41999999999997,82.30000000000004,0.1835725468368322,0.0,0,0.03575945403192895,43.0,7.006394197372087,39.83972181992283,83.74026592073696,0.0,True
466,466.jpg,1024,2038,105.4,84.15999999999998,0.1345277768684555,0.13748622610418626,1,0.058229460467655356,56.0,7.342029346405443,52.941499981802444,89.73348303055204,0.21878499626178993,True
65,65.jpg,1024,2041,105.16000000000001,62.4,0.137572551052142,0.7188256352858938,3,0.18445413294435667,69.0,7.13265068591474,42.83193214783666,87.48181164348065,0.0,True
563,563.jpg,1024,2041,104.84,79.71000000000002,0.20416568391959694,0.3177944700125663,1,0.02848634473729933,42.0,7.078115519146231,47.989516025232724,85.67189162952607,0.0,True
134,134.jpg,1024,2041,104.74000000000002,72.07999999999998,0.19572516362838493,0.0,0,0.048083333670051354,50.0,7.182020033561645,44.2917911050376,86.8196623092305,0.0,True
41,41.jpg,1024,2041,104.68000000000002,77.94000000000003,0.18729391385057487,0.0,0,0.23172934335944917,88.0,6.546219330013858,35.5348908430203,57.56309392293127,0.0,True
173,173.jpg,1024,2041,104.36,72.17000000000002,0.14059322023366727,0.5608375389414394,7,0.08141841793710376,56.0,7.145346907935464,46.299633139955795,81.97083125826342,0.0,True
290,290.jpg,1024,2041,104.16,65.78,0.16520374096419818,0.0,0,0.10586414639960887,62.0,7.070521468710159,45.20456220119971,86.44020133023568,0.0,True
254,254.jpg,1024,2041,104.14,46.32000000000001,0.15352060070669943,1.3271404154561655,7,0.38244433040927406,102.0,7.21218490046086,48.55533055409791,85.03450409410242,0.008721613675490243,True
268,268.jpg,1024,2041,103.83999999999997,79.04000000000002,0.22891154709584965,0.0,0,0.020001050560231447,44.0,7.176506609947831,47.13238280405805,85.44047309066181,0.0,True
5,5.jpg,1024,2041,103.80000000000001,82.58000000000001,0.16622753585718916,0.2264765422022167,2,0.28627766306917135,88.0,7.096792595418844,41.45264389668377,80.23298337331794,0.0003792005945865323,True
169,169.jpg,1024,2041,103.44,61.33999999999999,0.12618705654555706,0.348099092073523,2,0.1311179981170728,72.0,7.175849138288906,43.487354416093524,83.77216237875061,0.00018960029729326615,True
295,295.jpg,1024,2041,103.43999999999997,74.80000000000001,0.18163801373200908,0.0,0,0.12243067312626521,64.0,7.064238434164316,40.76737024850261,82.79811865945005,0.0,True
15,15.jpg,1024,2041,103.16000000000001,66.05000000000001,0.13282097325814002,0.0,0,0.02707212904112135,50.0,7.343238113428182,55.54335435136872,83.3955239161815,0.0,True
28,28.jpg,1024,2043,103.14000000000001,86.35,0.18887542579691868,0.0,0,0.09178346364567952,56.0,7.198446484134511,45.980567917604894,82.42128092886661,0.0,True
140,140.jpg,1024,2041,103.12,82.12,0.20618795153482722,0.0,0,0.20950595384808093,93.0,7.076327052418776,41.348643614023786,78.92394310474279,0.0,True
326,326.jpg,1024,2041,103.11999999999999,67.75000000000001,0.1467069704452968,0.0,0,0.03596148484566866,54.0,7.206331882597619,45.64617410279111,80.51954147064103,0.0,True
50,50.jpg,1024,2041,103.01999999999998,73.75000000000003,0.1616441919690479,0.40446568910690256,2,0.0505077034349279,52.0,7.238654967796927,46.03701553978864,83.63670371035141,0.0,True
263,263.jpg,1024,2041,103.00000000000003,80.36999999999999,0.18967863407410196,0.1240469196361829,1,0.018384804050313754,40.0,7.08812927194934,40.448015703976225,88.38518058796316,0.0,True
118,118.jpg,1024,2041,102.96,66.93,0.20092540017325322,0.0,0,0.09859103710497924,60.0,7.188742188109307,48.315279627928035,85.86199626361014,0.0,True
180,180.jpg,1024,2041,102.44,70.98999999999998,0.18024616750929887,0.0,0,0.13435049113690822,67.0,7.1888764746436316,45.61439964407815,81.88373772970075,0.0,True
493,493.jpg,1024,2041,102.38000000000002,70.56,0.18967705261943818,0.0,0,0.12323879638122406,67.0,7.202461366356105,43.9408839825233,84.30077622361712,0.0,True
484,484.jpg,1024,2041,102.31999999999998,65.64,0.19906942257469304,0.0,0,0.022425420325107984,42.0,7.202902249613032,44.255955764147906,88.80345780382184,0.0,True
562,562.jpg,1024,2041,102.16,82.46000000000002,0.2059963497190268,0.0,0,0.268296920646337,73.0,7.010888934148616,40.63200985621751,80.48499819247716,0.0,True
38,38.jpg,1024,2041,102.10000000000001,63.06,0.15200270510223537,1.1622832714445606,10,0.11980427254764897,63.0,7.1775073479433,45.877452049860885,86.85572618177865,0.0,True
286,286.jpg,1024,2041,101.74000000000001,71.74000000000001,0.18672976672216382,0.0,0,0.13374439869568905,64.0,7.1015644072703985,41.8768179699759,81.86737016803643,0.0,True
43,43.jpg,1024,2041,101.68,86.35999999999999,0.13718228443887567,0.5192191913110588,3,0.005858893598451636,46.0,7.074888482824486,51.07423602282532,78.17040073918835,0.002528003963910215,True
399,399.jpg,1024,2041,101.58000000000001,64.09,0.1450635171659232,0.9364128216835632,4,0.1222286423125255,63.0,7.1307098379742895,42.93637818671256,87.52861321286552,0.0,True
71,71.jpg,1024,2041,101.50000000000001,82.98,0.15176848094331089,0.0,0,0.031718837757134716,50.0,7.1368407819313555,42.53141999588964,81.32090419117777,0.0,True
51,51.jpg,1024,2041,101.34,76.86,0.17325981717376152,0.0,0,0.07212500050507703,55.0,7.3219382916897375,42.4161871200581,131.08506101337568,0.0,True
570,570.jpg,1024,2041,101.33999999999999,65.20000000000002,0.1543852784445494,2.831259823748318,6,0.21496078581905312,73.0,7.234606082746505,47.33370746225986,83.81461388531457,6.320009909775538e-05,True
354,354.jpg,1024,2041,101.20000000000002,64.88000000000001,0.1327462003046016,1.6384698994290607,9,0.24789180845862613,84.0,7.126648196043503,42.714191889110424,85.91944009768207,0.0017696027747371506,True
414,414.jpg,1024,2041,101.02,67.65,0.15388792793616538,0.5507359982544537,3,0.04060819356168203,44.0,7.097184316563035,42.193232799221995,83.35142415103307,0.0,True
403,403.jpg,1024,2041,100.53999999999999,79.85,0.16277739785786094,1.756051833025573,5,0.11556162545911502,67.0,7.25330758392396,50.41217776419072,83.90814939997826,0.00018960029729326615,True
404,404.jpg,1024,2041,100.53999999999999,79.85,0.16277739785786094,1.756051833025573,5,0.11556162545911502,67.0,7.25330758392396,50.41217776419072,83.90814939997826,0.00018960029729326615,True
388,388.jpg,1024,2041,100.42,62.05,0.14964797683313807,0.1523312335597425,2,0.05091176506240732,54.0,7.011291485272573,38.32795413223165,83.10355462637365,0.0,True
136,136.jpg,1024,2041,100.25999999999999,72.24,0.21574833771240431,0.0,0,0.03535539240444953,47.0,7.023011083005748,45.824433122001686,83.46330096645592,0.0,True
587,587.jpg,1024,2041,100.19999999999999,62.32999999999999,0.19369016560041208,0.03636554647314808,1,0.008485294177067886,45.0,7.070833202655209,51.09258644007106,88.23313062954882,0.0,True
363,363.jpg,1024,2041,100.16000000000003,83.69,0.19777070280551318,0.046265056346393954,1,0.05879096679825607,56.0,7.165809628664511,43.20525844590206,83.41536495529225,0.0005688008918797985,True
23,23.jpg,1024,2041,100.06,66.15,0.17179414571560625,0.008283263363328174,1,0.04081022437542174,52.0,7.008869378405931,39.258471196291865,86.61950506738394,0.0,True
248,248.jpg,1024,2041,99.99999999999997,81.13,0.12899824881565175,0.09879306791871897,2,0.12687535102853886,71.0,6.986317779173755,37.83635141947841,84.72035156951127,0.0,True
235,235.jpg,1024,2041,99.62,69.52,0.13611094618496833,0.582050774384109,5,0.02525385171746395,36.0,6.991133086405145,39.52112175703049,84.0590573326019,0.0,True
213,213.jpg,1024,2041,99.56000000000002,79.87,0.22459199466490837,0.0,0,0.034749299963230396,42.0,7.118396451078976,43.31142320026334,85.98766586866009,0.0,True
10,10.jpg,1024,2041,99.47999999999999,67.27999999999999,0.16671448830362584,0.011111694755684137,1,0.06667016853410482,56.0,7.060524291874194,41.453261929218094,84.49905958252542,0.0,True
153,153.jpg,1024,2041,99.4,71.58000000000001,0.15373285645265533,0.1622307434329884,3,0.023435574393806544,47.0,7.25878191817534,47.51918948809492,85.08565951831413,0.0,True
411,411.jpg,1024,2041,99.06,79.34,0.23129822320272192,0.0,0,0.24425525381131127,106.0,7.120072455958185,44.56170860237324,86.93439008112365,0.0,True
428,428.jpg,1024,2041,98.74000000000001,82.94000000000001,0.22563748338825135,0.014748249402998946,1,0.07818592491726838,54.0,7.019866780037845,46.7584252557146,84.63819586469111,0.0,True
498,498.jpg,1024,2041,98.2,80.99999999999999,0.21225477068920656,0.0,0,0.02909243717851847,48.0,6.977721517522953,45.15595195797129,80.80892587639578,0.0,True
362,362.jpg,1024,2041,98.16,77.93,0.17732227567823045,0.0,0,0.05596253540590011,49.0,6.994626046401088,39.080411136561885,81.65676405380604,0.0,True
244,244.jpg,1024,2041,97.85999999999999,58.89,0.15233631445886459,0.715189080638579,9,0.09838900629123955,60.0,7.116263763367531,43.22875647060277,89.03574913605465,0.00025280039639102153,True
13,13.jpg,1024,2041,97.80000000000001,80.97000000000001,0.2060972476693922,0.0,0,0.285065478186733,90.0,7.222095846147336,45.990110747757264,83.75628208985032,0.0,True
199,199.jpg,1024,2041,97.52,62.540000000000006,0.14772456066721829,0.0,0,0.033739145894531836,51.0,6.994329147386033,41.63424405012435,85.83211778476068,0.0,True
146,146.jpg,1024,2041,97.4,72.53,0.16778738516424863,0.1305119056758537,2,0.007879201735848752,31.0,7.095989050591523,43.69760200654884,82.93558077099065,0.0,True
298,298.jpg,1024,2041,97.34,78.77000000000001,0.18790662708120126,0.12485504289114176,1,0.027476190668600773,41.0,7.029412759347018,41.4748870558682,83.7813883292169,0.0,True
533,533.jpg,1024,2041,97.1,65.8,0.15361186214031886,0.4339621879129005,3,0.02060714300145058,44.0,6.9969726478211305,41.210991951872714,84.73331517383819,0.0,True
108,108.jpg,1024,2038,97.03999999999999,61.079999999999984,0.1339882436460422,0.5481252337771308,4,0.0735955680910644,57.0,7.205659453463513,48.56796052758054,79.22306003989534,0.0001899175314772482,True
547,547.jpg,1024,2041,97.01999999999998,76.24000000000001,0.19251657179466136,0.0,0,0.025859944158683083,51.0,7.111456482340357,41.146958922984,83.97233036461401,0.0,True
245,245.jpg,1024,2041,96.86000000000003,79.86000000000001,0.17611008432639583,0.09859103710497924,2,0.005858893598451636,41.0,7.004593345720986,41.857195178203796,81.5371458582447,0.0,True
145,145.jpg,1024,2041,96.66000000000001,81.46,0.17583335190847468,0.39880882632219067,2,0.0018182773236574044,40.05400000012014,7.0165845794582395,39.82295035221617,85.52313313227275,0.0010744016846618415,True
535,535.jpg,1024,2041,96.46000000000001,55.38000000000001,0.12738655924782433,0.2491039933410644,6,0.25698319507691314,86.0,7.042095391240338,43.815835816853365,82.92478366606079,0.0,True
141,141.jpg,1024,2041,96.44,69.36,0.20427368352343972,0.14606827833381147,1,0.1587962195994133,72.0,6.940931140368095,39.948984008330015,83.30388630049372,0.0,True
182,182.jpg,1024,2041,96.18,65.61000000000001,0.17587111423499746,0.1884947492191509,1,0.005656862784711924,37.0,7.244219201530327,46.00352118944202,84.49888262224795,0.0,True
457,457.jpg,1024,2041,96.04,80.03999999999999,0.17542382515971458,0.030304622060956736,1,0.0004040616274794232,41.0,7.138214120215256,45.65281427781758,86.16428170559371,0.0,True
415,415.jpg,1024,2041,96.0,54.030000000000015,0.1423748410278278,0.3321386577880859,4,0.17253431493371368,71.0,7.162574944376731,48.9653747670137,84.59048926988717,0.0,True
325,325.jpg,1024,2038,95.55999999999997,79.80000000000001,0.12170836177376909,0.050748592282574626,1,0.0361912271656608,52.0,6.973583519643928,35.94214211888462,86.89412224231832,0.0,True
434,434.jpg,1024,2041,95.47999999999999,50.89,0.16408015200836612,0.7422612096797004,2,0.7026631701867169,121.0,7.183398911383524,51.54601061912618,82.90800467175133,0.00012640019819551077,True
154,154.jpg,1024,2041,95.44000000000004,80.71999999999998,0.19042412085948607,0.0,0,0.020203081373971157,50.0,6.986601871446896,37.932624900578126,83.20064767461555,0.0,True
123,123.jpg,1024,2041,95.34,68.27999999999999,0.15084900008138025,0.05273004238606472,3,0.12081442661634753,68.0,7.132548286725754,42.31294453522948,85.53086376839438,0.0,True
76,76.jpg,1024,2041,95.22,67.03999999999999,0.16867522941346566,0.0,0,0.09434839001644531,60.0,7.171499862617852,43.353414199015006,83.9791332232809,0.0,True
389,389.jpg,1024,2041,95.06,69.39999999999999,0.16589400587722875,0.6582163911639803,2,0.03192086857087443,49.0,7.152891853159191,44.68956234304474,87.4717640917261,0.0,True
518,518.jpg,1024,2041,94.98000000000002,77.19,0.19621476240491478,0.6014457325031214,3,0.07050875399515934,55.0,7.099940758282396,47.3560496367676,88.55246303426203,0.0,True
545,545.jpg,1024,2041,94.62,51.899999999999984,0.1583138955877911,2.1843571581537615,17,0.2264765422022167,87.0,7.1397370837758745,47.33122091163878,87.12545219670905,0.003918406144060834,True
559,559.jpg,1024,2041,94.4,65.8,0.20403703304865473,0.0,0,0.10586414639960887,63.0,6.915658213637212,50.11823286051913,82.5090148621353,0.0,True
358,358.jpg,1024,2041,94.32000000000002,62.53000000000001,0.18946863851343543,0.0,0,0.341836136847592,125.02700000006007,6.95384067331944,39.77985649500386,80.96364161499005,0.0,True
413,413.jpg,1024,2041,94.16,73.69,0.1922573100552822,0.0,0,0.04343662495403799,53.0,7.095607142643106,44.82451842124109,82.86499321230936,0.0,True
45,45.jpg,1024,2041,94.13999999999999,68.73,0.22456168019967349,0.0,0,0.03212289938461414,39.0,7.076914296056225,50.777743599566804,87.384001274114,0.0,True
162,162.jpg,1024,2041,94.02000000000001,58.239999999999995,0.15731601815550889,0.9216645722805642,5,0.14526015507885262,70.0,7.226893784441387,44.55651367288374,87.50357459760497,0.0,True
143,143.jpg,1024,2041,93.97999999999999,76.28,0.13243180110420544,0.24728571601740698,1,0.04747724122883222,54.0,6.996114819774352,41.44771027494533,84.01021819202212,0.0,True
117,117.jpg,1024,2041,93.72,70.62,0.15542114841865812,0.0,0,0.12263270394000493,67.0,7.018666402354835,39.89874951429359,81.5867048479532,0.0,True
58,58.jpg,1024,2041,93.64000000000001,63.13,0.1327281705656828,0.41375910653892933,3,0.060407213308173766,50.0,7.29184879566605,51.97430547375446,84.85062972578741,0.0,True
77,77.jpg,1024,2041,93.64,80.2,0.21041695874744967,0.0,0,0.03676960810062751,51.0,6.871416952352401,36.186992393470284,82.77897218942839,0.0,True
243,243.jpg,1024,2041,93.62,54.59,0.1532990545563445,1.030357150072529,8,0.12485504289114176,66.0,7.23318516244135,49.69673777982547,84.02388331744905,0.0010112015855640861,True
433,433.jpg,1024,2041,93.23999999999998,66.92999999999998,0.15603937141670202,1.0489439849365825,3,0.005858893598451636,41.0,7.187228524580397,44.799180507101816,85.82799461029555,6.320009909775538e-05,True
319,319.jpg,1024,2041,93.08000000000001,61.40999999999999,0.16206548769906243,0.8166085491359143,2,0.06848844585776223,56.0,7.082398949887146,47.731944315572505,86.69141098013242,0.0003792005945865323,True
234,234.jpg,1024,2041,92.97999999999999,54.71999999999999,0.13623494550068216,1.2374387341557336,3,0.3016320049133894,91.0,7.175229177343881,49.48140693776059,85.81314258700758,0.0005056007927820431,True
491,491.jpg,1024,2041,92.86000000000001,62.64000000000001,0.15547584142720697,0.1254611353323609,1,0.012121848824382695,50.02700000006007,6.974860741216083,47.948687412221,87.09561922193095,0.0,True
394,394.jpg,1024,2041,92.84,74.66,0.17154389383580188,0.12263270394000493,3,0.013334033706820965,42.0,6.959147623072049,48.60362812399876,88.37547937275166,0.0,True
39,39.jpg,1024,2041,92.47999999999999,60.120000000000005,0.19535812937669716,0.0,0,0.04444677902273655,48.0,7.153147602326285,43.40583402425853,84.69460511314082,0.0,True
288,288.jpg,1024,2041,92.2,62.849999999999994,0.1559819306170912,0.6776113492829926,4,0.017374649981615198,38.0,7.048364728204544,44.653357172316184,86.75808392467559,0.0,True
208,208.jpg,1024,2041,92.15999999999998,78.55999999999999,0.15106571538925773,0.0,0,0.3206229014049223,106.0,6.920152751315107,35.69100772985456,83.36942606726008,0.0,True
122,122.jpg,1024,2041,92.10000000000002,59.010000000000005,0.18319949594697732,0.0,0,0.2177892172114091,73.0,6.950565637627213,36.61631934235502,82.4765198991832,0.0,True
128,128.jpg,1024,2041,92.08000000000001,50.88,0.1360500366682098,1.9976806862582681,6,0.12081442661634753,64.0,7.118616100704205,45.8920158252662,87.09376240301945,0.0,True
450,450.jpg,1024,2041,92.07999999999998,59.05,0.1525437665572807,1.4437121949839788,9,0.7054916015790729,113.0,7.217689015161213,45.21242723047066,89.10945561962642,0.0,True
207,207.jpg,1024,2041,91.98000000000002,65.0,0.1770340076719107,0.36345343391774115,4,0.07273109294629616,54.0,7.07545225464374,41.324899524997704,81.45932884022763,0.0003160004954887769,True
98,98.jpg,1024,2043,91.78,56.37000000000001,0.16815944756278778,0.0,0,0.0683837234634843,46.0,7.05062692358506,39.61064461583072,81.37067481966973,0.0,True
20,20.jpg,1024,2041,91.77999999999997,56.42,0.1693335431825807,0.012121848824382695,1,0.12081442661634753,68.0,6.998135681711875,41.384467471271094,81.79786269904871,0.0,True
42,42.jpg,1024,2041,91.36,70.12,0.17223522801402896,0.0,0,0.07717577084856983,51.02700000006007,7.043888747293794,40.23423501080145,84.00870518164973,0.0,True
361,361.jpg,1024,2041,91.35999999999999,59.92,0.11478149019864389,0.7638785067498495,3,0.27496393749974746,107.02700000006007,7.14766795609645,44.75774779657064,87.10464735608706,0.0,True
318,318.jpg,1024,2041,91.32000000000002,72.64,0.18478217008853925,0.08343872607450088,2,0.03737570054184664,47.02700000006007,7.175017929578755,45.38666084072142,83.46176520404784,0.0,True
471,471.jpg,1024,2041,91.26,68.05000000000001,0.1909081560486755,0.0,0,0.04586099471891453,39.0,6.969886454025325,45.7126325498975,81.01088748107156,0.0,True
465,465.jpg,1024,2041,91.02,63.0,0.13738578247296346,1.0978354418615928,4,0.14930077135364686,72.0,6.96628455462729,39.706785336182286,85.17078878779682,6.320009909775538e-05,True
221,221.jpg,1024,2043,90.62,61.040000000000006,0.1412083826069458,0.9755270993197938,5,0.12547102063211574,64.0,7.196942181518732,45.97830274297888,86.54370349701206,0.01111084456307235,True
558,558.jpg,1024,2041,90.1,76.05000000000001,0.19895203362028133,0.8020623305466549,1,0.25758928751813226,84.0,7.051292044371333,45.42864088228159,82.12912917847456,0.0,True
57,57.jpg,1024,2041,90.01999999999998,68.86000000000001,0.1690546377003648,0.3759793443696033,4,0.028082283109819913,49.0,7.091767480814179,43.80510777751681,79.08936999613215,0.0,True
119,119.jpg,1024,2041,89.97999999999999,64.53,0.12197692217946185,0.0697006307402005,3,0.43840686581517413,174.02700000006007,7.127441531424237,41.972395407709335,85.72414673546209,0.00012640019819551077,True
194,194.jpg,1024,2041,89.72,59.589999999999996,0.13069988367691387,1.6303886668794725,5,0.1082885161644854,61.0,6.873016160393243,37.76927346275253,148.91373881674247,0.0,True
293,293.jpg,1024,2041,89.62,74.44000000000001,0.15275482708801888,0.10970273186066339,2,0.0,39.0,6.846637077070316,37.05920593948563,82.03033920757187,0.0,True
542,542.jpg,1024,2043,89.32000000000001,63.67,0.19584589228609953,0.0,0,0.08835419137759919,59.0,7.087867219764208,39.61062576737584,84.50121082953818,0.0,True
127,127.jpg,1024,2041,89.1,71.53,0.22309418971741451,0.22869888115335352,6,0.008889355804547309,45.0,7.0700850905691,46.134270399307624,84.5758470709282,0.0,True
159,159.jpg,1024,2041,88.9,67.03999999999999,0.20592850801316082,0.0,0,0.04343662495403799,52.0,7.0656587282046335,40.16554768974198,81.81577234313103,0.0,True
500,500.jpg,1024,2041,88.56000000000002,61.12,0.15990211215824096,0.17051400679631656,2,0.13132002893081252,65.0,7.037484951830056,39.22191553634405,86.19630898781249,0.0,True
412,412.jpg,1024,2041,88.46000000000001,53.07,0.151121077355359,0.8796421630227043,4,0.24324509974261274,96.0,6.993376345303913,38.69478702788421,85.37618974186552,0.0,True
355,355.jpg,1024,2043,87.86,72.46999999999998,0.16983612210387694,0.0,0,0.12184002646591302,64.0,6.9810806256686995,37.817435951268315,82.24706351741561,0.0,True
130,130.jpg,1024,2041,87.78,61.03999999999999,0.15405786373466915,2.056471653056524,5,0.08444888014319944,57.0,7.1633382943572075,47.09841224827163,83.75276879634147,0.0025912040630079705,True
31,31.jpg,1024,2041,87.6,66.92,0.17899339516002438,0.14526015507885262,2,0.06545798365166655,53.0,7.139702658179666,42.51738532408634,81.81257505011767,0.0,True
577,577.jpg,1024,2041,87.49999999999997,61.970000000000006,0.1467194704673368,0.0,0,0.028890406364778756,51.0,6.968563245580407,36.88272833449847,81.03881623686387,0.0,True
409,409.jpg,1024,2041,87.44,60.64999999999999,0.153374202638506,0.07798389410352867,1,0.10707633128204713,61.0,7.00185582635817,38.11866441318539,83.2658101367903,0.0,True
495,495.jpg,1024,2041,87.4,78.6,0.1820408335556979,0.0,0,0.1396032922941407,71.0,7.09241867506373,40.265233063376186,83.99038473692326,0.0,True
367,367.jpg,1024,2041,87.26000000000002,67.13000000000001,0.15395103882140615,0.0,0,0.03353711508079212,46.0,7.157023754265069,44.83137265480235,84.07329315492366,0.0,True
420,420.jpg,1024,2043,87.25999999999999,70.68,0.19215458204565614,0.11296426294852863,2,0.03711682925451655,46.0,7.2176360909657005,45.7705026059867,83.96749383537517,0.0,True
396,396.jpg,1024,2041,87.14,60.93999999999998,0.14286744906179535,0.46669117973873375,1,0.061821429004351745,49.0,7.128845798067033,44.92771829225136,86.82679507241467,0.0,True
129,129.jpg,1024,2041,87.10000000000001,64.72,0.15731749616947482,0.32001680896370316,1,0.02909243717851847,45.0,7.178188578215859,51.89312567383642,83.18904919242914,0.0,True
116,116.jpg,1024,2041,86.96,72.97000000000001,0.15543617117584704,0.10384383826221176,3,0.04101225518916145,43.0,7.196446110378642,43.70287768503512,84.90300617591369,0.0,True
217,217.jpg,1024,2041,85.96,65.07000000000001,0.18362635830636223,0.14202766205901723,4,0.08182247956458319,57.0,7.280151281538409,47.529010923680374,86.13175640659405,0.0,True
228,228.jpg,1024,2041,85.94,61.370000000000005,0.1390488161897521,0.8358014764411867,3,0.040406162747942315,50.0,7.159609538665098,46.40449759133755,85.70042963427366,0.0005056007927820431,True
302,302.jpg,1024,2041,85.88,60.01999999999999,0.13212360879909044,0.47416631984710306,3,0.06323564470052973,51.0,6.999220846131905,39.19822192896061,81.06465749338295,0.0,True
163,163.jpg,1024,2041,85.74000000000002,54.20999999999998,0.14678771581015282,0.11131897837058108,2,0.2337496514968463,82.0,7.092866138032624,42.342334355144125,85.71190361226486,0.0,True
230,230.jpg,1024,2041,85.66000000000003,62.16000000000001,0.16561110972133003,0.8089313782138051,2,0.024041666835025677,32.0,7.264087615585967,39.73575054234816,144.60530526911867,0.0,True
88,88.jpg,1024,2041,85.14000000000001,50.11999999999999,0.14060331389439523,1.435226900806911,7,0.048083333670051354,50.0,7.164015180876477,46.410085026152174,89.82711107291016,0.0,True
423,423.jpg,1024,2041,85.11999999999999,65.22,0.1415401454528363,4.4337682383317105,8,0.015960434285437215,47.0,7.359125584991478,56.81722874845865,87.68070993935318,0.0015800024774438846,True
91,91.jpg,1024,2041,84.72000000000001,65.11,0.1767197405810242,0.0,0,0.13677486090178476,68.05400000012014,7.093115590293323,39.14330690376417,83.39556246824195,0.0,True
492,492.jpg,1024,2041,84.64,59.25000000000001,0.14609260178115743,0.5521502139506317,3,0.35234173916205697,96.0,7.153717892463464,43.33070158050366,81.79519186286085,0.0,True
485,485.jpg,1024,2041,84.48,39.76,0.1365324887287338,0.4709338268272677,4,0.31880462408126486,94.0,7.060426597499237,40.33375537524293,84.97236386066653,0.0,True
252,252.jpg,1024,2041,84.34,63.20000000000002,0.15933858380234084,0.17172619167875486,6,0.015758403471697505,41.0,7.150019608153684,44.062454382267866,86.32413561224465,0.0,True
506,506.jpg,1024,2041,84.15999999999998,65.73,0.1543705699295737,0.0,0,0.16526120563908406,66.0,6.975669844172163,38.80049972860932,84.76139434586634,0.0,True
110,110.jpg,1024,2038,83.88000000000001,61.04000000000001,0.18305628523422024,0.3327975414227803,4,0.003841526905852263,33.0,7.14607484096617,47.11235927258348,87.6066111558824,0.0,True
21,21.jpg,1024,2041,83.74000000000001,60.260000000000005,0.09462895293680798,0.38244433040927406,3,0.23779026777164056,89.02700000006007,7.241121980665319,52.32409401644121,79.0067668346104,0.0,True
565,565.jpg,1024,2041,83.4,62.09,0.1511349461750076,0.17536274632606966,2,0.0402041319342026,45.0,7.052087759757497,42.82844360645604,81.28794217949334,0.0,True
225,225.jpg,1024,2041,82.88,59.849999999999994,0.16694472875447475,0.5270983930469075,3,0.24364916137009215,82.0,7.1037480936549375,41.34180602613731,90.56170668075607,0.0,True
429,429.jpg,1024,2041,82.8,46.69,0.13824822715368862,0.6703382399883631,7,0.029900560433477313,45.0,7.146153077592453,46.0727203472434,83.5345685582035,0.0,True
321,321.jpg,1024,2041,82.7,56.09,0.13647949349406635,1.363101900301834,6,0.14404797019641435,72.0,7.174294846314785,43.07189879147942,85.64216356691247,0.0,True
287,287.jpg,1024,2041,82.41999999999999,52.17000000000001,0.14555331537894267,1.5517986803347248,1,0.11515756383163561,66.0,7.15134962897915,44.63778913859334,82.58382987544525,0.0007584011891730646,True
421,421.jpg,1024,2041,82.3,65.66,0.18666693980364266,0.4093144286366556,2,0.0018182773236574044,38.0,7.133174775578166,50.15460624940366,86.15439278608788,0.0,True
166,166.jpg,1024,2038,82.03999999999999,68.6,0.17561462478681839,0.14921299244836683,1,0.04630050849685096,47.0,7.061966950318153,43.82115267159294,77.484571416272,6.33058438257494e-05,True
397,397.jpg,1024,2041,81.6,60.14,0.1506550830904051,0.10546008477212944,1,0.054952381337201546,52.0,6.99533012666775,42.812861535482064,78.71717892453655,0.0,True
218,218.jpg,1024,2041,81.41999999999999,50.410000000000004,0.15848691783855812,1.2871383143357025,4,0.06626610690662539,55.0,6.803497938861432,46.36296936395822,80.40233119885532,0.0,True
189,189.jpg,1024,2041,81.1,54.330000000000005,0.13593932331062308,0.3050665287469645,3,0.036163515659408375,33.0,7.104006507933949,43.302333556277766,86.31848741938828,0.0,True
583,583.jpg,1024,2041,80.72000000000001,67.42000000000002,0.13498438142374947,0.0,0,0.030102591247217026,42.0,7.095108080483108,45.42469882736563,83.90891348917636,0.0,True
348,348.jpg,1024,2041,80.2,54.57000000000001,0.1878615583033868,0.0,0,0.07353921620125502,55.0,7.13681670186124,43.09248231856691,84.10714692000637,0.0,True
168,168.jpg,1024,2041,80.11999999999998,61.059999999999995,0.14943281577908096,0.0,0,0.029496498805997893,47.0,7.117350834705832,45.3936297653132,85.42706708564118,0.0,True
455,455.jpg,1024,2041,79.42,63.03999999999999,0.16956472009821533,0.0,0,0.4711358576410074,139.0,7.1560446142262535,41.77834251654167,85.7527390922949,0.0,True
79,79.jpg,1024,2041,79.20000000000002,51.09,0.133259492882003,0.0,0,0.06262955225931059,55.0,7.169218602103496,46.05909651345804,79.55824331532551,0.0,True
55,55.jpg,1024,2041,78.64000000000001,59.48,0.13900231990312684,0.13899719985292158,1,0.009495448245766445,47.0,6.916452484272395,36.82954090731738,80.77182489022142,0.0,True
54,54.jpg,1024,2041,78.24000000000001,56.67999999999999,0.12225595081372237,0.4420434204624889,2,0.03434523833575097,42.0,7.1735216474498,44.047499768184736,87.17640538060364,0.0003792005945865323,True
87,87.jpg,1024,2041,78.16,45.279999999999994,0.14742198515394433,0.4325479722167225,7,0.04929551855248962,54.0,7.210736069454357,46.35136778273253,87.92161923709897,0.0,True
416,416.jpg,1024,2041,77.64000000000001,53.99,0.15137399583481959,0.678823534165431,7,0.09253011269278791,58.0,7.160222061999421,45.687497744818955,82.935626275062,0.0,True
553,553.jpg,1024,2041,76.94000000000001,56.879999999999995,0.15972392511436073,0.08606512665311714,6,0.01798074242283433,46.0,7.097804385923768,41.33652815660755,87.1501962995078,0.0,True
101,101.jpg,1024,2041,76.94,53.18,0.14917257328577244,0.2093039230343412,1,0.021213235442669717,43.0,7.151173283731552,42.186879659639004,84.18403300056374,6.320009909775538e-05,True
174,174.jpg,1024,2038,76.44,62.239999999999995,0.16563433618388654,0.03760652655202741,1,0.006874311305209312,40.0,7.120759693972917,41.41380556697826,80.7030240568537,6.33058438257494e-05,True
68,68.jpg,1024,2041,76.24,44.12,0.11354081769142407,0.0,0,0.22991106603579176,75.0,6.956188466159602,41.951512921964465,79.50787094034163,0.0,True
501,501.jpg,1024,2041,76.2,50.65000000000001,0.14454833181651067,0.9802535082650806,3,0.15596778820705734,73.0,7.220381585713111,44.910674353939356,84.73549304925311,0.0,True
366,366.jpg,1024,2041,76.10000000000002,56.08,0.18969914319015904,0.15616981902079705,1,0.09111589699660992,59.0,7.098053924149194,44.88824004725142,85.01104737732229,0.0,True
284,284.jpg,1024,2041,75.51999999999998,60.17,0.14259451401642298,1.0624800494571434,10,0.06161939819061203,53.0,7.085802169403529,42.0385483917767,85.29988889422579,0.00018960029729326615,True
27,27.jpg,1024,2041,75.36000000000001,63.45,0.16454367273521492,0.43234594140298277,5,0.01818277323657404,31.0,7.242546005388844,48.8988309702989,84.68263943837864,0.0,True
552,552.jpg,1024,2041,75.12,50.84,0.1438258860219701,0.20445518350458813,2,0.0470731796013528,43.0,7.1174037740520335,41.17858756498077,85.85806774545023,0.0,True
370,370.jpg,1024,2041,74.66000000000001,52.48999999999999,0.11706946376257828,0.886107149062375,5,0.0060609244121913475,42.0,7.0791836040474525,39.959782165591314,85.17856366398783,0.0005056007927820431,True
44,44.jpg,1024,2041,74.66,54.559999999999995,0.15250038777865155,0.0,0,0.1391992306666613,65.0,7.197287338179007,44.587758770226905,83.40622242895677,0.0,True
253,253.jpg,1024,2043,74.22000000000001,58.39000000000001,0.1554162278564633,0.16863950683030346,1,0.011901591989219982,36.0,7.015163037510881,41.978698881148865,84.90441706575221,0.0,True
161,161.jpg,1024,2041,74.2,55.800000000000004,0.13483996573629536,0.27496393749974746,3,0.06667016853410482,56.0,7.187964509513156,46.61935571429546,86.26360887733873,0.0,True
473,473.jpg,1024,2041,74.19999999999999,49.13,0.1399580393794561,2.1435469337783397,9,0.5794243738054928,115.0,7.095163733487853,44.74524958715914,84.78939262176763,0.0032232050539855246,True
422,422.jpg,1024,2041,74.03999999999999,57.64000000000001,0.15457369985964936,0.0,0,0.10404586907595147,62.0,7.172135403596492,44.53165384738696,82.47703245198689,0.0,True
345,345.jpg,1024,2038,73.88000000000001,57.879999999999995,0.1519187608747464,0.06186880174688382,2,0.18196706396142298,95.0,7.179016328723744,42.660213699392536,85.46764786504207,0.0,True
353,353.jpg,1024,2041,73.76,57.74999999999999,0.13797458650717692,0.35355392404449526,5,0.03353711508079212,49.0,7.087018574919364,39.27206415640813,82.07140283995966,0.0,True
56,56.jpg,1024,2043,72.9,57.43,0.12195290411856051,0.010691260600485747,1,0.1301106242889303,64.0,6.912775499764456,36.246903253981955,82.47573353669546,0.0,True
374,374.jpg,1024,2043,72.0,51.269999999999996,0.09455384589139486,1.6381835346517877,4,0.032073781801457237,36.0,7.161193252157648,42.94442195723458,87.44328355759143,0.001136336375768763,True
538,538.jpg,1024,2041,71.94,56.410000000000004,0.13434604076100914,0.40264741178324515,4,0.095964636526363,56.0,7.134052379789022,42.41846094086281,83.57866832335193,0.0,True
257,257.jpg,1024,2038,71.80000000000001,60.72000000000001,0.16202862832662457,0.035786855912413186,2,0.018803263276013706,43.0,7.147056150047421,43.394121102798714,87.81576606718143,0.0,True
499,499.jpg,1024,2041,71.52000000000001,55.88000000000001,0.13871377895413878,0.7555952433865213,4,0.29233858748136266,82.0,7.2594310147827095,47.63349641383453,83.18789831862456,0.0,True
187,187.jpg,1024,2041,71.42,46.52000000000001,0.09923896214335126,0.5778081272955751,7,0.11778396441025185,63.0,7.052779206880588,41.99873242079577,82.52931662996848,0.0,True
109,109.jpg,1024,2041,70.9,54.72,0.14137415987581176,0.0,0,0.054750350523461846,49.0,5.675347370182351,42.62453675515408,47.04548637532264,0.0,True
29,29.jpg,1024,2038,70.64,53.800000000000004,0.1522339810354311,0.29054074545840536,6,0.13687966922431485,65.0,7.05870803455548,42.60271179385348,82.70080582008606,0.0,True
170,170.jpg,1024,2041,70.54,50.11999999999999,0.1588324394121365,0.0,0,0.1515231103047837,70.0,7.043962331399308,44.12222620161946,82.68798237475636,0.0,True
32,32.jpg,1024,2041,69.24000000000002,48.58,0.12807047145647815,0.746705887581974,4,0.11212710162553992,64.02700000006007,7.043283605598932,39.23485018733822,85.18228678182567,0.0,True
483,483.jpg,1024,2041,68.84,50.45,0.1600407873304301,0.0,0,0.18930287247410976,90.0,7.009345464386364,48.040569941063886,83.91453387398911,0.0,True
120,120.jpg,1024,2043,68.78,50.11,0.11680868036433437,0.9682651109873883,4,0.14967764840680045,79.0,7.209419923643011,58.675434234756516,85.31845448152127,0.0011994661744225833,True
393,393.jpg,1024,2041,68.60000000000002,50.980000000000004,0.12247721228853312,0.05778081272955751,1,0.0,39.0,7.193244460170018,44.319093011111946,81.7084200228026,0.0,True
96,96.jpg,1024,2041,68.08,37.85000000000001,0.10324529570803945,0.8321649217938719,7,0.10909663941944425,61.0,7.099243626130815,43.114114123920984,84.06941519684302,0.0,True
385,385.jpg,1024,2041,65.68,42.52,0.1381435322047042,0.8155983950672155,6,0.3731509129772473,110.0,7.026998527013619,47.34017360428687,85.53153242544285,0.0,True
572,572.jpg,1024,2041,65.16,45.000000000000014,0.1366632893457157,0.9988403431291341,5,0.07717577084856983,55.0,7.060775456662913,44.018746394362026,85.85328792195546,0.0,True
446,446.jpg,1024,2038,64.44,50.52,0.18839836683641228,0.020825119542251743,2,0.14436053740939556,68.0,7.152997593725749,43.4906178338464,84.72933206637238,0.0,True
300,300.jpg,1024,2041,63.78,50.25999999999999,0.15985404613135798,0.0,0,0.0454569330914351,47.0,7.063905712730784,40.10572110171298,82.57381392374023,0.0,True
430,430.jpg,1024,2041,63.16000000000001,47.30000000000001,0.1472530440216735,0.7955973445069842,4,0.31799650082630604,92.0,7.10480167505551,43.0129320369963,84.16476708235479,0.00012640019819551077,True
70,70.jpg,1024,2041,60.55999999999999,46.33,0.1465990509385096,0.23698214451668168,1,0.08242857200580232,56.0,7.133097736161954,42.86973094471959,80.41671490940898,0.0,True
584,584.jpg,1024,2041,59.580000000000005,43.13,0.14274843114032887,0.48790441518140343,6,0.0026264005786162505,34.0,7.1324157904790795,45.282192878675765,83.8026128184969,6.320009909775538e-05,True
442,442.jpg,1024,2041,58.33999999999999,39.89000000000001,0.12371723865442114,0.49962220237830673,2,0.007273109294629617,34.0,7.005831004990787,40.34643096818723,83.89765502352307,0.00044240069368428766,True
175,175.jpg,1024,2041,57.32000000000001,48.56,0.1481017283562936,0.01151575638316356,1,0.056164566219639826,49.0,7.04663794768805,44.90473200419961,80.9380575828743,0.0,True
561,561.jpg,1024,2041,54.800000000000004,38.169999999999995,0.13159315167065855,0.31941071652248404,2,0.0,26.0,7.093135875255765,39.92395659791264,83.6599468107966,0.0,True
156,156.jpg,1024,2041,51.96000000000001,39.73000000000001,0.09176282639483255,0.31011729909045727,5,0.04343662495403799,47.0,7.077888323232003,47.11817502431081,84.36857349792325,0.0,True
311,311.jpg,1024,2041,42.839999999999996,34.72,0.18372488822769956,0.1903130265428083,3,0.1254611353323609,78.0,7.293727400445948,48.49166189065932,86.1382255687377,0.0,True
523,523.jpg,1024,2041,41.86000000000001,25.97,0.10420615359623621,0.7998399915955181,2,0.12768347428349772,68.0,7.073641246646992,41.32871403573671,83.5241449658593,0.0003792005945865323,True
334,334.jpg,1024,2041,38.06,26.240000000000002,0.08053055814928953,0.6426600185060225,3,0.13435049113690822,68.0,7.1186684167055265,43.978052705795406,84.07975410105443,0.0,True
